instrument_key,tradingsymbol,sharpe_ratio,sortino_ratio,max_drawdown,std_dev,information_ratio,r_squared,jensens_alpha
NSE_EQ|INE0SVO01019,SIDDHICOTS,18.611690402478068,,0.0,0.42335174281330407,18.71959905237889,0.03886370274446773,7.396992685572685
NSE_EQ|IN9278G01019,CYBERPP,8.53864108147344,25.171007486802704,-0.13494809688581313,0.6563828897463163,8.673838200814531,0.02581901505138463,5.625817274363161
NSE_EQ|INE0ZI101018,GANGABATH,5.013519716679108,10.48547129406972,-0.15892857142857136,0.45257290581892834,5.251380123432922,0.06933496343533488,2.3149900058381983
NSE_EQ|INE0K6601012,TGL,4.341619814462638,9.634013413375085,-0.3038635572572228,0.5530201308794849,4.529630545033292,0.01610427062511789,2.4551681387700603
NSE_EQ|INE03HW01020,VLEGOV,4.113905929866226,9.979251785498205,-0.47762801722786996,0.5231366661568095,4.353484357233389,0.02999257130444993,2.2220594949091867
NSE_EQ|INE319Z01021,SUPREMEENG,4.06908894245969,9.132068142817975,-0.28979591836734697,0.5212948094767756,4.179542704057493,0.003959847263975825,2.1443139751519067
NSE_EQ|INE888C01040,SADHNANIQ,3.7294171198554555,6.328968712047907,-0.44314079422382663,0.5732826876683947,3.9381147831336603,0.02467459058004547,2.2075128500090075
NSE_EQ|INE436A01026,ANSALAPI,3.640369425402109,8.829743509504056,-0.3856655290102389,0.39239449278926536,3.9035028382128467,0.004451756741794006,1.4595303533062502
NSE_EQ|INE060J01017,FLEXITUFF,3.4094071576136042,6.288451940294139,-0.3579465541490858,0.4615698475005148,3.4602003667290706,0.0009583980780502872,1.5812075181863727
NSE_EQ|INE165B01029,RSSOFTWARE,3.384062120371412,7.256321896272092,-0.4686306601200217,0.4805864445534969,3.6748631050790763,0.05048572856724176,1.7096761974125205
NSE_EQ|INE054301028,ODIGMA,3.3336829510210872,5.535467380943375,-0.4761989659475842,0.4824466171309954,3.481727935611415,0.026579732035140965,1.6442562976150477
NSE_EQ|INE871L01013,TVVISION,3.0809801767693354,6.832530591253499,-0.5534731564143336,0.506425023982838,3.3024817967521187,0.026450569143975294,1.6238536418059544
NSE_EQ|INE784B01035,WINSOME,2.9424885058967103,8.429780110246462,-0.25688073394495425,0.22918435866838174,3.0603038577223387,0.006959984127819467,0.689006918580264
NSE_EQ|INE0N7F01017,HOMESFY,2.819112497842303,5.647692378516661,-0.21436588103254786,0.5208869428733133,2.8557126908785264,0.03884061069687395,1.4609518537439115
NSE_EQ|INE0DZ701010,DYNAMIC,2.8062202379515915,4.942795946074414,-0.3522696384887198,0.49098603544541597,3.00302777805196,0.017440243628873923,1.4271968039932228
NSE_EQ|INE0RDH01021,LAWSIKHO,2.7364001994462135,4.340177764153146,-0.2740000000000005,0.4149379669965334,2.8552541373975155,0.0002507727812292843,1.1405077663490226
NSE_EQ|INE0TD101011,IDENTICAL,2.6845912499180553,4.803210543060406,-0.2558795860771401,0.5247767377272694,2.8011933272990164,0.003173242868758696,1.4285369563849344
NSE_EQ|INE781B01015,NOIDATOLL,2.663434734051303,5.673132620795663,-0.5044809124767224,0.5496145443158172,2.783723873486526,0.0006946585414228161,1.4750427051708257
NSE_EQ|INE968D01022,ARSHIYA,2.6303781115328477,5.987167676127976,-0.25776397515527993,0.562074955101922,2.9722150144207573,0.024545171172878064,1.6001282862925028
NSE_EQ|INE979R01011,SHYAMCENT,2.5904684101971007,3.167110343587462,-0.31434465174480425,0.40392103814051494,2.8549662273621226,0.03421520583796334,1.1040098061599262
NSE_EQ|INE740X01023,LAL,2.531495709520281,4.026767582279505,-0.33029612756264226,0.4262271339509375,2.797111849686973,0.0383359807781536,1.1434018948642728
NSE_EQ|INE05ST01028,SBGLP,2.454038300355839,5.638873170991581,-0.4590959762054736,0.5729476953024528,2.5990688183229755,0.004776894117219192,1.436598512741314
NSE_EQ|INE00ER01015,ONDOOR,2.424423995939679,3.934555753500953,-0.3802679658952492,0.5057006664494756,2.4512181977760577,0.0022118800812340475,1.2328905708529563
NSE_EQ|INE0OL001018,SPECTSTM,2.3578686108898657,4.300673604932138,-0.36228504809093537,0.4956557262065758,2.5849329071170133,0.03737453814597706,1.238771612297032
NSE_EQ|INE411Y01011,DIL,2.280700031379899,3.7855373744366254,-0.2754716981132076,0.595116825824094,2.4977044175266796,0.044655477952439335,1.4543444016648863
NSE_EQ|INE635A01023,SHYAMTEL,2.2734298972118454,4.0141344282772025,-0.391899000526039,0.5050271108050883,2.4176287881237055,0.0021058759455567506,1.1660307614314471
NSE_EQ|INE442P01014,SUYOG,2.210700283386399,3.8977661862675785,-0.19351739482200642,0.4820649248501076,2.496866849302709,0.06919724013040465,1.1635727457919947
NSE_EQ|INE0DAB01012,RVTH,2.1810587854688896,3.78428119135505,-0.3390239974230955,0.4688534863954356,2.415495648571262,0.032285625982599576,1.087617301957759
NSE_EQ|INE938A01021,LCCINFOTEC,2.143876870217532,4.16540884698775,-0.2380952380952381,0.5298052386640267,2.3900862357258017,0.05114035117204705,1.2290074546292904
NSE_EQ|INE00KV01022,RAJMET,2.116837540029248,3.12541579419681,-0.39175257731958724,0.3838833106713811,2.4378860280977825,0.06328785611656745,0.887154682583666
NSE_EQ|INE886A01014,IITL,2.101385968379335,3.462230696042249,-0.2655360237682597,0.45272555045231977,2.345242678296839,0.03513172157500038,1.0168436607506435
NSE_EQ|INE860T01019,SABEVENTS,2.0602879387137847,4.0172922950274925,-0.49410688884373105,0.47977720728188916,2.240563541625607,0.00924717375840015,1.024087493718861
NSE_EQ|INE985P01012,GRETEX,2.044347909871103,5.651289054249572,-0.2326923076923075,0.6133094680620039,2.388087259888915,0.04153831161851191,1.4408026220057073
NSE_EQ|INE642Z01026,AKI,2.0311366057555933,2.340855966624564,-0.5502577319587629,0.5063984650253074,2.2146839594362326,0.012692289048011817,1.0725965676704172
NSE_EQ|INE863T01013,JITFINFRA,2.023875660291574,2.664086941627511,-0.4304561717352414,0.5709648689463214,2.2540629516374895,0.05525884478391819,1.259151800330672
NSE_EQ|INE024D01016,PRUDMOULI,2.0024668651329294,3.783963406641974,-0.3379983036471586,0.5206207189321402,2.157982492178175,0.0041770827950614745,1.0686196752868984
NSE_EQ|INE268L01046,SHEKHAWATI,1.9741460248209353,3.589260991218995,-0.21653666146645856,0.45368083823675953,2.1980311180817633,0.025097977950700946,0.9511046194978824
NSE_EQ|INE0XM301010,MMEL,1.946559241088088,2.8807050783999864,-0.15983112183353448,0.6870442291651905,2.1011156438879195,7.449556080818398e-06,1.3346570231805248
NSE_EQ|INE0HPK01020,DUGLOBAL,1.9463116533811455,2.5053640156103145,-0.24701873935264052,0.5556505179328594,2.0109070163053615,0.00017636988356895133,1.0775039400490185
NSE_EQ|INE332S01011,EMKAYTOOLS,1.9158084677588432,8.824974791991828,-0.29335115268960876,1.561168050273822,1.9736753762808599,0.0033412303295942535,3.053549056866666
NSE_EQ|INE680Z01018,AVG,1.9054939759493768,2.4516562060222946,-0.3377762051692802,0.45719497719976604,2.1947589585194316,0.07175726167748352,0.9657061464932182
NSE_EQ|INE0GIU01018,UMAEXPORTS,1.901136849377916,2.2786558676802637,-0.2609386026817218,0.5269905667243497,2.130372397567883,0.044954260830023816,1.0881185340271442
NSE_EQ|INE218G01033,PALREDTEC,1.8580898184382195,2.6375961369670664,-0.38956395564460206,0.40744625387689054,1.970489672289196,0.00847485858087724,0.775483131266345
NSE_EQ|INE650K01021,SECURKLOUD,1.8469655394919136,2.861476140924826,-0.46008799497171593,0.5064428626780415,2.002179238190029,0.0028334738028205956,0.9561889263351789
NSE_EQ|INE970N01027,SPCENET,1.8452067377583157,3.5426367899991456,-0.5574817518248175,0.65887191392781,2.0322697437011397,0.04111753938293321,1.3188698545105124
NSE_EQ|INE568Z01015,URAVIDEF,1.8373858331956288,2.8145541201467075,-0.45699695395090467,0.4904191390777305,1.9966413313708977,0.0030179095055971193,0.9218826805177579
NSE_EQ|INE0PQK01013,FALCONTECH,1.8298935652547108,3.3550300773941126,-0.34030571198712795,0.6640062172864021,1.8251423826375972,0.0024377429770287085,1.2163794573360833
NSE_EQ|INE670X01014,LASA,1.8008238268050327,2.3723891495546594,-0.40948275862068956,0.6098432583132922,2.002807527661217,0.0447472217941306,1.1977856575828105
NSE_EQ|INE615R01029,TRU,1.7996569292773354,3.9323252357566596,-0.6687866927592956,0.5223242828072175,1.9235426620871883,0.0001702268443238031,0.9347448101683173
NSE_EQ|INE0DZ101013,SABAR,1.7777403039264943,2.3931517449654707,-0.5604395604395606,0.5980589712405078,1.8904785121994019,0.004482334504740887,1.0880288835054333
NSE_EQ|INE392B01011,PNC,1.7726212542977555,2.2390208939052765,-0.39030813800368624,0.4804245245279048,1.997841169111949,0.03223915340614614,0.9181877055008613
NSE_EQ|INE474L01016,OMKARCHEM,1.745654359277051,3.664013385778095,-0.32778489116517295,0.5719247886947071,2.1455569081456187,0.00029465930840764357,1.0178171890727818
NSE_EQ|INE0I3401014,DBOL,1.7323790059056785,2.8248438321981513,-0.416549281480496,0.37911215892554956,2.1365409568574654,0.13944355457496257,0.7660291809031845
NSE_EQ|INE0SVY01018,KATARIA,1.7276547038605594,1.935178441689415,-0.2636253532498989,0.4449417622940487,1.9798926396319965,0.0707883872881642,0.8450196011871871
NSE_EQ|INE113601012,REXPRO,1.6802696075389432,1.97403884966314,-0.2562620423892102,0.4218471273266452,1.9515340517729103,0.004707465775348097,0.740244423232711
NSE_EQ|INE454M01024,NAGAFERT,1.6690184552790024,2.2624195303326964,-0.35567079335533897,0.4601113613704638,1.919599841946112,0.04690372895296767,0.8448427516710297
NSE_EQ|INE397H01017,LOKESHMACH,1.6226508636825168,2.4990257179352557,-0.44922402159244285,0.5445091999632979,1.843680533082752,0.04878081135093268,0.9763673169641653
NSE_EQ|INE546Y01022,PRAXIS,1.6170023559885598,2.9016367436010935,-0.3821656050955413,0.49602999097649886,1.8142592073232173,0.018195328986188964,0.8537227081255356
NSE_EQ|INE804H01012,TFL,1.601385957484809,2.84029439091183,-0.408612440191387,0.46563779356496,1.7956810174760858,0.012083486271476465,0.7851707698059295
NSE_EQ|INE544H01014,JHS,1.5795871143823712,2.3597219247610433,-0.26629436792522787,0.5016552987500643,1.7790256434688396,0.02063689420375806,0.8480287209875843
NSE_EQ|INE0U6N01014,SFML,1.569761404567385,2.0806190370558917,-0.33935018050541604,0.53305584987107,1.7463134841267265,0.05230863621476179,0.9059522637504885
NSE_EQ|INE528A01020,GKWLIMITED,1.5492247790186364,2.6621397141265994,-0.3322226849923644,0.40258685434915004,1.8618312875392928,0.07976707383664026,0.7114538786472077
NSE_EQ|INE557Z01018,PIGL,1.5470767969456314,3.224506138798936,-0.378745991374544,0.47195333099219305,1.7252944461211142,0.005949083718320237,0.7582431887698995
NSE_EQ|INE250Z01010,INDOUS,1.54262810876603,1.8522991520576884,-0.344190374900292,0.579764236557467,1.7248227740077247,0.023593632866671505,0.9630921284752272
NSE_EQ|INE0N1401016,NEELAM,1.5157014632212402,2.930915490046099,-0.41732283464566927,0.7239499195335253,1.593500065635711,0.0695644595984628,1.1303317253409482
NSE_EQ|INE688Y01022,DANGEE,1.5052004212291867,1.4423432853716427,-0.34706814580031703,0.5398168254350528,1.7209899928632304,0.04480961498408465,0.9007265343908255
NSE_EQ|INE694N01015,HERANBA,1.5028536971241009,2.231114861250209,-0.4686039166140248,0.45700450496684963,1.7635725502955322,0.05847631081803006,0.7721047340582369
NSE_EQ|INE0B2801011,UNILEX,1.4891766847404222,2.2836027569873996,-0.22988505747126442,0.5403699796833827,1.6417632000586624,0.00913884472620554,0.840405714229816
NSE_EQ|INE0ZOL01023,EMAPARTNER,1.4830277961826537,2.2444435761940023,-0.1643302180685358,0.44791044062638696,1.8737372896450875,0.05817493500353457,0.7989507885170524
NSE_EQ|INE0US801024,MFML,1.47370356216412,2.3961274519605844,-0.2407628128724675,0.5494911357652,1.6762327758539461,0.035230111034845295,0.8893891980779386
NSE_EQ|INE481Z01011,UNIINFO,1.465282844466625,2.786672966465518,-0.3633904418394954,0.535423326629843,1.6698358403732063,0.03331699641038888,0.8599754381242274
NSE_EQ|INE479D01038,KRITI,1.4495691690612884,2.1547726595682573,-0.4795786152892794,0.4736525133475366,1.6874213670694902,0.0447628963827953,0.763935978638284
NSE_EQ|INE819L01012,ELGIRUBCO,1.4455542126372158,1.650034067899121,-0.4176153385260635,0.5525376293337687,1.6337741091958082,0.02355174445669511,0.8641687081264081
NSE_EQ|INE627H01017,CTE,1.4385366117738843,2.337239424256637,-0.40041730876256554,0.5169287755156292,1.642157243889048,0.027917646274771654,0.8102827991434898
NSE_EQ|INE626Z01029,HARDWYN,1.4115515165137191,2.1554673871591192,-0.283951917350598,0.41316734465294164,1.6945440313749178,0.06250446705238308,0.6629309110070652
NSE_EQ|INE691G01015,IMPEXFERRO,1.3991191102319365,2.9527838953203984,-0.21186440677966104,0.4220221461666464,1.5987075499675552,0.01498627643911641,0.6275822043432077
NSE_EQ|INE715Y01031,SHRADHA,1.3621426119925426,2.2042408691312523,-0.3178235443681666,0.524874760100082,1.5742263400335403,0.03916889546879923,0.7951282623510568
NSE_EQ|INE0ECC01022,MAXPOSURE,1.3608904791060232,1.6892831074300159,-0.25457205559619617,0.5338929168886148,1.5693854791323767,0.057049424440946565,0.8169357162900546
NSE_EQ|INE01ZJ01015,SURANI,1.3597034749262413,2.1079658511642867,-0.279383886255924,0.618880913265705,1.4400186974087836,0.009628015115169105,0.8667588327287994
NSE_EQ|INE452O01016,FLFL,1.3592966154774295,2.9052082883521244,-0.4232558139534889,0.4994996573515013,1.512028979440946,0.0015990713598459053,0.6938866821708549
NSE_EQ|INE713C01016,SURAJLTD,1.3413966316141022,1.5957395061381687,-0.23981900452488672,0.414371882018559,1.5292926098265944,0.005541119792417245,0.5787076414539414
NSE_EQ|INE776I01010,MEP,1.3106147045695358,3.9193792784571637,-0.5851063829787243,0.4184124562338792,1.5021810043000263,0.013021622934227789,0.5820274176725785
NSE_EQ|INE472M01018,MTEDUCARE,1.2970459075559804,3.049721750501157,-0.20557491289198623,0.5417933758134974,1.6214702069651534,0.011187617202653266,0.784953175665517
NSE_EQ|INE0KN801013,PROPEQUITY,1.2948943007845666,2.2206264915803713,-0.18559801840056622,0.5662356925634009,1.5488132982656833,5.333742414024406e-05,0.7384775436927508
NSE_EQ|IN9382T01012,GVPTECHPP,1.2938395756187262,2.52043333033399,-0.2010771992818672,0.786000655706429,1.563856830693788,0.00801357758102289,1.1975371230081404
NSE_EQ|INE075B01020,SICALLOG,1.2662824269272355,2.5368259228779038,-0.33098879528911385,0.5231991281395765,1.2246123748301374,0.033054231404089474,0.637949874492644
NSE_EQ|INE023M01027,SETUINFRA,1.250120880111333,4.322988989555012,-0.5700934579439252,0.5689893270131918,1.4002310176921229,0.0056699746333698986,0.7422001311181998
NSE_EQ|INE0TG801013,PARAMOUNT,1.247230352277963,1.6484880174251642,-0.3626448534423994,0.6175971702836962,1.4415454925195,0.011752566735239361,0.8334093198327281
NSE_EQ|INE440L01017,TIJARIA,1.2099852171529124,2.2954311088299097,-0.4667400032276871,0.5114701304783269,1.3856609086488596,0.007663032763626554,0.6534276370150558
NSE_EQ|INE03V001013,UNIVPHOTO,1.2017329827344398,1.4936349042975665,-0.44255175999266044,0.4791095295135544,1.4121581832534873,0.025297786521209495,0.6345760592690483
NSE_EQ|INE217G01035,EQUIPPP,1.19514262965925,2.0890777972840198,-0.2397686832740208,0.4093077518319663,1.3567635838542864,0.0008128464563930056,0.4801745330085946
NSE_EQ|INE295A01018,EVERESTIND,1.1885501813800303,1.7028407899675901,-0.39527327640018345,0.40960186505434315,1.4751249804581132,0.07200911862227977,0.5716649744805485
NSE_EQ|INE970D01010,LOYALTEX,1.1871012837619914,1.923457279472427,-0.4296710613929951,0.46157849300992887,1.391044792509876,0.01581097321066513,0.5927356740884003
NSE_EQ|IN9623B01058,FELDVR,1.183088955864242,2.5662782679898566,-0.16666666666666655,0.5004146383403353,1.3266967046512192,0.0005384205160080419,0.5830731766664544
NSE_EQ|INE570D01018,ARROWGREEN,1.1721229165024012,2.0178226537074693,-0.38531363465631724,0.5346439800766065,1.385939333382051,0.04998668911315474,0.7189253892975966
NSE_EQ|INE00NI01015,UCL,1.1677660497014026,1.8862759048045048,-0.22522522522522523,1.1481424476376625,0.9481585584855322,0.023762535522937,1.6844842728454394
NSE_EQ|INE849L01019,ORTEL,1.167001547322893,3.3810150471370277,-0.3289473684210527,0.6189626217984048,1.3503908953305617,0.005298368081696297,0.7736170815810922
NSE_EQ|INE924H01018,TARMAT,1.1531138625110877,1.5550210340060573,-0.24149004495825313,0.4100281525517354,1.4282689683203806,0.061028469411923386,0.5509875935212294
NSE_EQ|INE874F01027,RADAAN,1.139672695884747,1.8564059431523745,-0.3881401617250673,0.4345199850215963,1.3502273264746134,0.013910696495393919,0.5347646453281503
NSE_EQ|INE0TLP01015,WHITEFORCE,1.0961046410722843,1.7422921406699827,-0.2687395891171572,0.7881187635679167,1.1864374767677774,0.000347904721830302,0.8771751076072271
NSE_EQ|INE308E01029,SVPGLOB,1.0883355365165008,1.6740533233628596,-0.3836633663366334,0.4510993946359658,1.331316104627081,0.048991657974724476,0.5680095299197305
NSE_EQ|INE251C01025,ABMINTLLTD,1.07883192416841,1.722729701704605,-0.4377768828030602,0.5690401547653884,1.3118761397840182,0.03247128065844747,0.7141852993528018
NSE_EQ|INE550H01011,SUPREMEINF,1.0750675780892003,1.9839891751843692,-0.34960050133166204,0.458882292120984,1.1682034977993696,0.009440015826993584,0.5108409968093045
NSE_EQ|INE586X01012,GTECJAINX,1.0552988573862399,1.9355531931580954,-0.29324894514767885,0.534917135529643,1.2165905131565964,0.007784425195246417,0.5987487848548082
NSE_EQ|INE405Y01021,GOLDSTAR,1.0314033275160046,1.554260212749917,-0.3984375000000001,0.4558551979501164,1.1299945567443725,0.04544829833426154,0.49759662801919385
NSE_EQ|INE920A01037,DOLPHIN,1.0290016765183692,1.5236701917682565,-0.5491698155432566,0.46774731549831966,1.2449192736730954,0.027996137110059216,0.5417170198375704
NSE_EQ|INE0SHE01019,THESL,1.0233953547358614,2.041213605345526,-0.36520737327188946,0.645482747633496,1.1210328471985629,5.32892918207294e-05,0.6574689496521966
NSE_EQ|INE0WVU01018,ONYX,1.0216067417504675,1.3591018700261508,-0.43753294675803905,0.6367530969534119,1.2327256710773438,0.015909476243758727,0.738364405085123
NSE_EQ|INE978G01016,SPLIL,0.991276463001234,1.4724424805029332,-0.3122555410691008,0.4431143032883828,1.265548216485852,0.09089345362657128,0.542356026925786
NSE_EQ|INE09EO04017,AARTISURF,0.9878332384106744,1.2068470242276725,-0.42937134130822086,1.4188385825725103,1.4865952895156964,6.425173986303361e-05,1.3354636617309765
NSE_EQ|INE0X6F01017,SDREAMS,0.9791222528185427,1.4896193602889995,-0.3960838199931298,0.49706267625184,1.211067521694571,0.05078866050517708,0.5764692343022553
NSE_EQ|INE0IGO01011,DESTINY,0.9336267668204246,2.169211429263339,-0.4921708185053381,0.5083291266162706,1.0421923877603059,0.0007053066922029922,0.4818447465859273
NSE_EQ|INE0LS001014,USHAFIN,0.9240450807986327,1.29696686878613,-0.5180952380952382,0.5409837249018938,1.1148855883210986,0.028696955998196536,0.5702833831241942
NSE_EQ|INE03DD01011,RETAIL,0.9200743582230181,1.3070363272049614,-0.23932219127205173,0.5224132254978037,1.111773501103469,0.04132979612917894,0.5564029221509151
NSE_EQ|INE0SN801015,SILKY,0.8825841957582796,1.384446159137527,-0.26346483704974305,0.7052954359845263,0.9063259573604596,0.07677649704401503,0.6225991346869182
NSE_EQ|INE082W01014,WEWIN,0.8635607589828446,1.3112077413920027,-0.48562170919400505,0.6415110733428357,1.033695590623713,0.04054842738303678,0.6536845077261421
NSE_EQ|INE0KNW01016,KNAGRI,0.8585628185612503,1.4375911613477848,-0.25841209829867623,0.4033323206129716,1.1291647070680295,0.033959790154017164,0.40923120505324295
NSE_EQ|INE0PLZ01012,SUNREST,0.8429297220867588,1.2664804336381787,-0.22480620155038802,0.876211149771244,0.7971445320002145,0.015459743154838855,0.695465967732798
NSE_EQ|INE065X01017,INDGN,0.8182079346314036,1.139658332160316,-0.18678392770695443,0.3588478981715712,1.1189762551766747,0.06774777564649458,0.3657005416904323
NSE_EQ|INE497D01022,DAMODARIND,0.8154164510984078,1.270563743496024,-0.2592307692307698,0.4089419192928098,1.1037564676790699,0.09656214892317566,0.4315361070289951
NSE_EQ|INE543V01017,ACEINTEG,0.8151676512194439,0.9832446478873369,-0.27082594824530287,0.5151686125580874,1.0550100890873881,0.10811300892631008,0.550684878676254
NSE_EQ|INE155Z01011,MACPOWER,0.7751255217343661,1.3636606356015166,-0.41784966370697907,0.5914839552255596,0.9624824020351272,0.0532660623075335,0.5638342184575874
NSE_EQ|INE025A01027,CONSOFINVT,0.7702769502538982,1.0241705835952093,-0.24425503861367512,0.36025472803131836,1.1205149576376465,0.1474410590473093,0.38426020721900334
NSE_EQ|INE0T0L01014,KALANA,0.7655382908989887,0.9533232106967133,-0.3810408921933079,0.5461554844504585,0.9659669430860095,0.016652362073058122,0.47853621800197793
NSE_EQ|INE865T01018,PDMJEPAPER,0.7445916285013943,0.8942638762805379,-0.4199096213749835,0.5017516967639271,0.99225593955536,0.12256943708029548,0.5091774402320437
NSE_EQ|INF846K01Y96,AXISTECETF,0.7170606959260873,1.0491669958513732,-0.17937936056754947,0.20538525692760518,1.5299127666504666,0.4036984462103847,0.2479911928911177
NSE_EQ|INE486Y01013,TOUCHWOOD,0.7157131578697361,0.9062997837099178,-0.3899942684025214,0.5644161338790077,0.9044769579733087,0.04263702924301603,0.49390981390332733
NSE_EQ|INE794W01014,MODTHREAD,0.7151830640215243,1.1528488018999323,-0.43302232589136996,0.5251047981145127,0.9004936302599433,0.01778370742253325,0.4295921461248879
NSE_EQ|INE342A01018,PREMIER,0.7003795261337675,1.6392387599977016,-0.3258145363408527,0.5273874734750783,0.8696348817887916,0.02165113316862907,0.42406249908827154
NSE_EQ|INE014B01011,TECILCHEM,0.6876645241484233,0.9550139951675797,-0.5113851992409866,0.6160074438045621,0.6854094065774705,0.007614169654905174,0.4175899398876577
NSE_EQ|INE268B01013,KREBSBIO,0.675882417520672,0.80029351750269,-0.36754335810939603,0.5530678659479552,0.8896866739150676,0.09792374407611854,0.5073851905909034
NSE_EQ|INE129Z01016,SINTERCOM,0.6756358572908665,0.9066619199799909,-0.21613479134121885,0.4278881236451841,0.9394971811910555,0.08431307109486638,0.38498909635141615
NSE_EQ|INE0DTQ01028,LLOYDS,0.673578655062636,0.8623668124225679,-0.4268605645851154,0.6786376205980321,0.8193481283998478,0.04053711639022964,0.5516828833389653
NSE_EQ|INF209KB11D8,TECH,0.6726496804276046,0.9337118248802188,-0.17590592752579828,0.20518788239307287,1.5033818056426551,0.4291834505339118,0.24176770255993116
NSE_EQ|INF174KA1GC5,IT,0.6713606314141151,0.9183786177534623,-0.17836188688101348,0.20426870733631483,1.482644405331997,0.410732126890021,0.23817679635200065
NSE_EQ|INF200KA1S14,SBIETFIT,0.6645298449437856,0.9521470625111581,-0.17912371134020644,0.22149442918639758,1.4193303217798137,0.41026511696446244,0.2566866601519063
NSE_EQ|INE161G01027,MORARJEE,0.6637973509437283,1.4373590754801584,-0.5187110187110187,0.5582936069682246,0.8270692945888123,0.03194531937939261,0.43868951831873887
NSE_EQ|INE728Z01015,SOFTTECH,0.6598959306428115,0.8573383061320784,-0.3222862206468765,0.4337256924107817,0.8821263892471725,0.0225352240068109,0.3364658032445688
NSE_EQ|INF179KC1IA8,HDFCNIFIT,0.6525512750601303,0.9371781712650268,-0.18749999999999956,0.20801778274862917,1.508952871387716,0.46428220332455516,0.24513755429215317
NSE_EQ|INE070C01037,COMPINFO,0.6162929854873647,1.7256197703396345,-0.5743243243243246,0.6004256715872373,0.7792135136922985,0.020105118473781457,0.43889915658464773
NSE_EQ|INE0PEQ01016,RBZJEWEL,0.6154080296645933,0.9097034816237292,-0.27571964956195266,0.45811600553647247,0.8426092187952491,0.04654211503257834,0.3582073832685342
NSE_EQ|INE245I01016,NAGREEKCAP,0.5859611923764623,0.8730938285647072,-0.40854870775347907,0.5298651750639952,0.7713574308713699,0.02088957265941177,0.36958720657134525
NSE_EQ|INE0CHO01012,ADL,0.5851028863104624,0.6849079968848771,-0.459198748587816,0.49463550450897925,0.8360747042987842,0.08326756317315982,0.4123959901291675
NSE_EQ|INE925C01016,MADHAV,0.580291338319955,0.9025577031159865,-0.25243318399505643,0.45497366698803354,0.8470705308378318,0.13969243479117113,0.39526138963348484
NSE_EQ|INE082101010,ARISTO,0.5762654681704852,0.8815343998898979,-0.3965753424657536,0.69017536693364,0.6867132030172396,0.012601066785688205,0.4417462476473106
NSE_EQ|INE215F01023,WIPL,0.5756738264505327,0.7134862024531641,-0.3004675045984056,0.41834575483251113,0.7929610886998493,0.010000493174857803,0.2731195975739823
NSE_EQ|INE822G01016,ELECTHERM,0.5733791070821617,1.177358493886787,-0.4264242557403022,0.5135546509278184,0.7451589925466852,0.0015999701214502418,0.3103159040587386
NSE_EQ|INE351Y01019,BETA,0.5719813648297075,0.7433782485863767,-0.2276482700765184,0.42797479286187906,0.8461696428023596,0.11979658414613552,0.3591202698953534
NSE_EQ|INE885F01015,MASKINVEST,0.5655366077932639,0.7855539309283248,-0.3545056320400497,0.6046209567937432,0.7014474799221153,0.036570274951803365,0.41177765914880937
NSE_EQ|INE651C01018,LAKPRE,0.5578141715837508,1.5013441826543694,-0.46703296703296715,0.6283346933800229,0.7653989741928138,1.1655844451745076e-05,0.3528539473747941
NSE_EQ|INE497S01012,GODAVARIB,0.5538685476288787,0.6938218681031569,-0.5713787085514833,0.5844041718382551,0.7425286892859563,0.06906168702319194,0.44221602033500346
NSE_EQ|INE973A01010,GOLDENTOBC,0.5474388536291303,0.9422446294880226,-0.19278188746917732,0.3961004071070465,0.8011491818099458,0.042208918162322896,0.27964868877731
NSE_EQ|INE02EE01019,IPSL,0.5445243790077158,0.8674885225443584,-0.33909090909090933,0.9116328208369899,0.4738713304560641,0.0017609691056344392,0.5138132405790756
NSE_EQ|INE285H01022,ATLANTAA,0.5437373149126565,0.630654485417472,-0.5916838084043493,0.6501882594623779,0.7078217261814216,0.04856024794301797,0.46411419203937293
NSE_EQ|INE058B01018,ZENITHEXPO,0.5416272621921006,0.7663093932841751,-0.39677563815494876,0.5601875756106732,0.7010020394744361,0.0188429429780414,0.3572607286192953
NSE_EQ|INE498E01010,SALONA,0.5386014198841762,0.7168727839386093,-0.24116231086657558,0.4092987860536813,0.7634498532854697,0.012881068908893619,0.25630174466396316
NSE_EQ|INE326T01011,NIRAJISPAT,0.5321292069843262,1.0814017971147314,-0.5964529558701083,0.6303141949960059,0.6430758706856056,0.006797672450982879,0.2879254207750191
NSE_EQ|INE00N401018,JAKHARIA,0.5232416834211425,17.549076952086356,-0.7690092165898618,4.681519379375205,0.5338886317742201,0.00404973266115499,2.565074051720843
NSE_EQ|INE738V01013,ARTNIRMAN,0.5154553889611266,0.6572014967208106,-0.38998818665091534,0.5832326801899876,0.6822641604747608,0.015953318423113004,0.35748619074672616
NSE_EQ|INE345B01019,CEREBRAINT,0.49741579582048673,1.095764315303832,-0.5928934010152282,0.48960268000464124,0.6904565058909735,0.012982417584981075,0.28659161255400356
NSE_EQ|INE726L01019,DELPHIFX,0.48562583172931234,0.5532228255974619,-0.5609363687555301,0.5034759018511628,0.674739138854956,0.014058186715522752,0.2905743250414054
NSE_EQ|INE0OVI01010,SANGANI,0.45844673294065913,0.8594568171905028,-0.3474025974025968,0.4957588706052718,0.7978132015074619,0.002970839312963337,0.26560587648454975
NSE_EQ|INE646C01018,GROBTEA,0.4336574226079583,0.47457837652708185,-0.3833026199823732,0.5026249635689808,0.6265470240343269,0.021785488474650692,0.27480060173862175
NSE_EQ|INE210A01017,WILLAMAGOR,0.4124731972485972,0.5651084238535884,-0.3209033613445379,0.4326907865723274,0.6566185368597045,0.07000508817434546,0.2668321042504123
NSE_EQ|INE0KLO01025,ACTIVEINFR,0.3888556114808961,0.4340064855239321,-0.16370967741935488,0.31835378215473026,1.220112459325092,0.016975046793818546,0.21129683433805035
NSE_EQ|INE832A01018,MODIRUBBER,0.3788513731476448,0.4263550774847064,-0.3625893566322479,0.5128113910554746,0.5742296623838502,0.034244413004525194,0.2675212076126637
NSE_EQ|INE926K01017,AHLEAST,0.37774954742873973,0.5675689804669567,-0.22915916996521454,0.3274248999035334,0.7124049577014608,0.11761073853797277,0.2103493230044523
NSE_EQ|INE610C01014,ARENTERP,0.3771264595477611,0.49252260881840787,-0.4520596174157964,0.5651718156267016,0.5283676293795797,0.026717197576695006,0.2742057267558374
NSE_EQ|INE0MJQ01020,PRITIKA,0.37404140760557164,0.7055574946267451,-0.2509485094850949,0.35451748298088015,0.6993599808779771,0.013744247918609521,0.17281924779653626
NSE_EQ|INE885E01042,MAZDA,0.36818825077524664,0.4202814913023894,-0.35304878048780475,0.51278293256495,0.5709486918204575,0.05649953035690606,0.2828732413811644
NSE_EQ|INE0DSF01015,NURECA,0.3314918314317593,0.3971823346727816,-0.37469184053875376,0.5439571859362613,0.5131304350074838,0.02696802112182511,0.2492613485270174
NSE_EQ|INE0VG601013,PELATRO,0.32632954643852125,0.43759592595527624,-0.38665057556628313,0.49738686503582175,0.5426152058863415,0.046877958501987595,0.24953968177886812
NSE_EQ|INE048C01025,VHLTD,0.31133603448686287,0.47497191085246343,-0.269836416450084,0.3272032857384185,0.588210524582828,0.014369139692736335,0.13214210704631385
NSE_EQ|INE865C01022,BIRLAMONEY,0.3028422352201565,0.3767323979239408,-0.4673632785995385,0.507843113488166,0.4955006326557857,0.02513675462226565,0.2159392116465525
NSE_EQ|INF209KB14K7,MOMENTUM,0.3022330698010168,0.49103548248027584,-0.17610646858557769,0.17024980095524084,1.447403215454839,0.6501784338242192,0.15740732885609057
NSE_EQ|INE061A01014,INDIANCARD,0.28779875104074,0.3131479725982777,-0.3709202969603585,0.503380490856039,0.48668604118726727,0.039013848268476134,0.22161070443816955
NSE_EQ|INE555Z01020,TARACHAND,0.2823086367415361,0.37723827824200845,-0.4722704450549168,0.4827528354420927,0.49409049907355446,0.055465347449248255,0.22403442593704917
NSE_EQ|INE452L01012,INCREDIBLE,0.273640789467705,0.37845535408169867,-0.3651637601020839,0.5203339126519084,0.48463582328874705,0.12180522004637818,0.28254397456084357
NSE_EQ|INE0I0M01023,PRABHA,0.2727962131221948,0.3997060389041682,-0.4694945555013812,0.4660704464152148,0.692438292582736,0.042884384411865435,0.2770832647745047
NSE_EQ|INE613B01010,ICDSLTD,0.26979023062028934,0.4881744666699992,-0.39629005059021916,0.5548447702958503,0.4413274946061274,0.010848162412306142,0.1942939424783913
NSE_EQ|INE296H01011,EMKAY,0.26522573996415466,0.3238231208423085,-0.5501733327522998,0.5079759703141017,0.46180456343995896,0.03839655026385812,0.2115522103806591
NSE_EQ|INE505A01010,DMCC,0.2642813216944293,0.32421090271577263,-0.3304337604325849,0.48463921486088934,0.4815837436043683,0.08266236544661952,0.23562345880069666
NSE_EQ|INE403Y01018,INNOVANA,0.21906149896561392,0.3014374328346155,-0.5501636661211128,0.5378949992939426,0.38310294034853015,0.02155365626619608,0.1731582908140749
NSE_EQ|INE778K01012,EMAMIREAL,0.2131024607691559,0.3878343617225646,-0.4224514380364405,0.4946425285728128,0.5950474466359437,0.05387324616438176,0.27403525311656146
NSE_EQ|INE0JRD01019,DTL,0.2109475421937807,0.2733113731351439,-0.3524541691306921,0.5958123377170386,0.224455550120657,0.014266725870605745,0.1301999607814589
NSE_EQ|INE0O2D01012,SOTAC,0.20087368723626128,0.46313817913526023,-0.3843333333333339,0.5978303731940063,0.37794476394841114,0.021190652778716332,0.19795189590650009
NSE_EQ|INE1CRQ01014,CURRENT,0.1676310735579192,0.20028976773838383,-0.1767323585505404,0.5070715757434731,0.7534963203160002,0.01031570813469477,0.30000830542219753
NSE_EQ|INE461B01014,REPRO,0.15502653131958627,0.16973400591753207,-0.31592509878027825,0.501066870142696,0.35678504272607614,0.06070627401644125,0.1729625753922143
NSE_EQ|INE248A01017,ITI,0.1496326740158948,0.16195500606700117,-0.4946817305042715,0.5656480341624507,0.3184385310537382,0.011442673036296098,0.1313394567502332
NSE_EQ|INE006Z01016,ARVEE,0.14887465093227764,0.20462591738800634,-0.38578606628659784,0.4922636464556549,0.339895227336619,0.0012489911621950897,0.08697603129470066
NSE_EQ|INE610B01024,GUJRAFFIA,0.1312858972713851,0.15544608232837437,-0.6122024933887419,0.5861536862762965,0.29388653730180786,0.009623249790953824,0.12133291604377291
NSE_EQ|INE640C01011,SHAHALLOYS,0.11700202217201375,0.16602291093189642,-0.4527170518425985,0.5468055796839675,0.2971385291312097,0.036780896239825174,0.1449151246743114
NSE_EQ|INE203Y01012,SILLYMONKS,0.1067466481162779,0.12467707633324589,-0.48143939393939383,0.6019272537816062,0.2664970854399922,0.014462343110854597,0.12012266044958485
NSE_EQ|INE013P01021,ONESOURCE,0.08195678690611344,0.11373832344005,-0.4366184366184364,0.42623571725522225,0.44156676376060877,0.11122001650861303,0.20319342561616568
NSE_EQ|INE505V01016,EUROBOND,0.0215193509421139,0.028932598361095505,-0.4051823258869909,0.4653972648818475,0.2954053488478504,0.1143283783416145,0.16964704182036902
NSE_EQ|INE0HS001028,COOLCAPS,0.011633522445097633,0.014330860380777478,-0.30232558139534865,0.40916960484702003,0.24090841756250886,0.008362000557761385,0.03363798212177023
NSE_EQ|IN9526B01012,CALSOFTPP,0.003812755286951013,0.009528753595284096,-0.6694214876033057,0.6445399287264791,0.4104648701675724,0.012909505476845794,0.16296581416714648
NSE_EQ|INF209KB18T9,ABSLLIQUID,7.904928014946495e-05,0.00017352728951264198,-1.999980000201998e-05,0.00015809835285610386,0.7718348072395177,0.001000196759971681,3.871518982657338e-06
NSE_EQ|INE828A01016,BIL,-0.0031367832166340134,-0.0051679614354567605,-0.5246897280169,0.38809511618069886,0.24678267937333886,0.0421581152240437,0.060284155959486455
NSE_EQ|INE335K01011,COFFEEDAY,-0.03490569033135755,-0.04010867222050116,-0.5572678014812736,0.6444423278573755,0.24171848552365416,0.015222005225444753,0.0915846606324829
NSE_EQ|INE238Y01018,TIRUPATI,-0.04559474185771908,-0.08613673105812404,-0.4736842105263161,0.5261120597463449,-0.03704945734376015,0.00044846368709219176,-0.023601745281301358
NSE_EQ|INE747K01017,TARAPUR,-0.0574119393396915,-0.09947628912475551,-0.4352358613500124,0.5372281522835891,0.12221358455437821,0.030765003581855244,0.04188347171763044
NSE_EQ|INE669A01022,INFOMEDIA,-0.05742198946404244,-0.11685641124294134,-0.3972746331236891,0.550488019856042,0.10470281245153822,0.004538654789487934,-0.0065111121168933105
NSE_EQ|INE508K01013,RHL,-0.06736320420702742,-0.09271409352167952,-0.37776686313032026,0.40829715033190095,0.1670868271530956,0.025126727968084652,0.022447629923749223
NSE_EQ|INE735M01018,SAMPANN,-0.07105578032123905,-0.10111998186679418,-0.40836839644693845,0.5848013361888525,0.09497254391167288,0.05407825722974535,0.0634072098271877
NSE_EQ|INE105J01010,RPGLIFE,-0.08676159868219123,-0.13328491634314385,-0.25897358717736496,0.42017982462759434,0.14869909190776023,0.10532395141491382,0.0687905971978433
NSE_EQ|INE0Q9601016,WOMANCART,-0.09685418909402821,-0.14656027059723326,-0.4050116550116553,0.5002631976866401,0.03972052335428988,0.004872003613509765,-0.029122620501280068
NSE_EQ|INE0BTM01013,SECMARK,-0.1079804798386131,-0.1234571959808524,-0.4917286759731874,0.5466418516382535,0.06847709748019265,0.046372625233229194,0.03182667903074621
NSE_EQ|INE954E01012,MOHITIND,-0.10970044304412215,-0.1512858814947017,-0.49586935638808854,0.4944888044327876,0.08386743128470964,0.0190693186950608,-0.001543146110911608
NSE_EQ|INE338Y01016,OMFURN,-0.12004334091554325,-0.20849692661186253,-0.4098607452013551,0.45070757612131607,0.14826135107670377,0.042931687157405446,0.03475404001958624
NSE_EQ|INF767K01OT5,LICNETFSEN,-0.1284610464707129,-0.21211099633378352,-0.15416701513757594,0.22161374625226957,0.3728490320393429,0.0631333124256824,0.021873268722000672
NSE_EQ|INE10QL01011,READYMIX,-0.1329960214684642,-0.19033034940382,-0.6585365853658537,0.6105220231115873,0.0706250826419502,0.021851802490495002,0.01233967702393637
NSE_EQ|INE0O1S01012,MAGSON,-0.13800283386292314,-0.24726847502529642,-0.4883059418457648,0.5464324406709666,-0.04081456595607236,0.02580705202315888,-0.03581394841465765
NSE_EQ|INF277KA1364,TNIDETF,-0.1385529148376152,-0.2258673303670048,-0.19189023141511297,0.1876289971908971,0.5679309866430515,0.5844675073307912,0.0847135613644667
NSE_EQ|INE0NLB01018,VERTEXPLUS,-0.16876350150369557,-0.44800776724849156,-0.48671328671328645,0.6043477271961089,0.032598791857550304,0.004895939522497686,-0.05774928803788592
NSE_EQ|INE0R7401011,CGRAPHICS,-0.17120948262642846,-0.25221646195232195,-0.46289682539682564,0.5296566452057628,0.00998609222039361,0.1757739598054817,0.0807051304714919
NSE_EQ|INE389K01018,WELINV,-0.17153356530658728,-0.26971651389056894,-0.5480150809492126,0.5824144633531699,0.02944267336091368,0.05210437935979532,0.02469540143527935
NSE_EQ|INE846D01012,LORDSCHLO,-0.17582599836527418,-0.23188922412861238,-0.4404047775298594,0.5425307856336025,0.00036185017210234414,0.041434501050974314,-0.01015707668885009
NSE_EQ|INE831A01028,MIRCELECTR,-0.17805714187776184,-0.25072683753355013,-0.6236087689713327,0.6067518241979518,-0.02124142968713066,0.07003841468631405,0.01589633432092024
NSE_EQ|INE0PS501019,GLOBALPET,-0.18662848757273776,-0.2983706369018162,-0.3782051282051283,0.4602407767524404,-0.08954836661180263,0.017995133585342424,-0.06365822143919352
NSE_EQ|INE572A01036,JBCHEPHARM,-0.19127096230589385,-0.2929822486145784,-0.17720411288558366,0.27585846473679054,0.15775056178877364,0.06753466218707661,0.0025657933257912284
NSE_EQ|INF209KB15K4,NIFTYQLITY,-0.22961428162500652,-0.2804979323607639,-0.1575620767494357,0.15382217446555882,0.5125427325439874,0.43657682435927353,0.04312363161224374
NSE_EQ|INE323B01024,AVONMORE,-0.23673768357503766,-0.3236397082809638,-0.5013947001394702,0.5640706530878551,-0.0686843587778585,0.04065364610349969,-0.04575783034140884
NSE_EQ|INF247L01FK3,MOMGF,-0.24200963526616523,-0.29663792920695586,-0.23353096179183166,0.4035046475325506,-0.04853510342967871,0.015278739983827238,-0.05082604015103949
NSE_EQ|INE0OJW01016,ROSSTECH,-0.2616035157496358,-0.3644809814720532,-0.6967706350933441,0.5127109639282602,-0.1646583447429226,0.057135682880253,-0.08165770811877153
NSE_EQ|INF200KA1WX6,SBIETFQLTY,-0.2654942552919203,-0.4095647266724123,-0.1598617411968023,0.14116243889891736,0.48954755359141094,0.3668202483511714,0.028508354062972203
NSE_EQ|INF767K01PC8,LICNFNHGP,-0.29001643956247264,-0.4377773162500456,-0.14287203725585584,0.23325409367863886,0.1317577063541531,0.1841240658909799,0.009601266403601797
NSE_EQ|INE802W01023,BOHRAIND,-0.2927977529803592,-0.5561942263577977,-0.5866632730974802,0.46101261759740764,0.14082701937361755,0.01411867816321871,-0.04459665275858078
NSE_EQ|INE06PV01010,CMNL,-0.30239015323496404,-0.4332603628817641,-0.3976591493005994,0.5188555969216048,-0.12850542195785783,0.05754754149433948,-0.06574328784752256
NSE_EQ|INF247L01FO5,MOPSE,-0.3117793865729931,-0.5406878284048793,-0.09044485907885623,0.12135962312437036,0.9463443482273478,0.3114447499887367,0.07017727351539668
NSE_EQ|INE00S901012,NILASPACES,-0.31847868465259144,-0.4618275680234684,-0.4404576183047324,0.505621342825688,-0.13155614585643005,0.03522734894194007,-0.08778554484089715
NSE_EQ|INE542C01019,NKIND,-0.3458432209626822,-0.523410029192623,-0.5002032520325204,0.5378952823651517,-0.08425114118137958,0.0013813688498011578,-0.16274949815066533
NSE_EQ|INF740KA1UF4,HEALTHADD,-0.47310787835166296,-0.8478691140659026,-0.15791559342183462,0.15439696599516758,0.16353618897602817,0.3033539447973223,-0.007899978345896268
NSE_EQ|INE0ISZ01012,ZTECH,-0.49805952228108796,-0.9097414109180781,-0.4848609398547744,0.3971649039745761,-0.2515026280850348,0.006381997693063473,-0.17332359364754948
NSE_EQ|INF769K01LX9,MULTICAP,-0.5102382347305898,-0.8607590026689456,-0.18323353293413072,0.147510929812037,0.27885270397877965,0.7569536399259365,0.02378690275356313
NSE_EQ|INE0U2501017,FORCAS,-0.5243638213890269,-0.7303128597972538,-0.47323420074349487,0.4818265024174708,-0.3828389544222406,0.003364204485115358,-0.23580553235991658
NSE_EQ|INE961Y01015,MAHICKRA,-0.5263750874899982,-0.7161584490566428,-0.38074800735744857,0.5351830007117927,-0.32298775615082,0.010206119515324085,-0.23549566745146328
NSE_EQ|INE0O6N01012,AGUL,-0.5728174397281728,-1.2537647158335534,-0.46941678520625896,0.5604442580556535,-0.3453918667912809,0.001182473873949945,-0.2998602978740821
NSE_EQ|INF205K01DA9,IVZINNIFTY,-0.6663092815362073,-0.915164382992966,-0.15406779661016837,0.1466050263763226,0.22565983106386145,0.3499329514531181,-0.011592605895504001
NSE_EQ|INF769K01IB1,MAKEINDIA,-0.6772469447211187,-1.1211927101803354,-0.21505307584089928,0.1591213155173717,-0.13538531253202202,0.6825675672885276,-0.006301282683408625
NSE_EQ|INF109KC19O8,COMMOIETF,-0.6789613996036226,-1.1111301896671963,-0.2001246235330762,0.15894257213120586,-0.12743232401860335,0.6294625622972323,-0.010589100946498606
NSE_EQ|INE0OJM01017,MASTER,-0.6789800674118688,-1.2024598065947492,-0.37961630695443643,0.4833780871800686,-0.49560434470846715,0.01125974754047835,-0.2888572569433083
NSE_EQ|INE0EO401019,ROYALARC,-0.7099103074827047,-0.8593958935844108,-0.37212449255750973,0.5519529278301833,-0.34116109118558446,0.013251611805247721,-0.28955881190746924
NSE_EQ|INF740KA1SZ6,SENSEXADD,-0.7162658305881272,-0.9635566283895206,-0.14623185065683358,0.12780425116894786,0.051809537719909746,0.6533024194270419,-0.011814059354253994
NSE_EQ|INE446A01025,ATLASCYCLE,-0.7291832886303642,-1.0631264744348434,-0.5985084980922649,0.5005910274687119,-0.5352817163900483,0.005005239336063045,-0.3377759450885759
NSE_EQ|INF194KA1U07,IDFNIFTYET,-0.74029465472251,-0.9910853710910069,-0.16173852330249708,0.13719867786691511,-0.04932784997461972,0.327376675045879,-0.040980243236974634
NSE_EQ|INE142I01023,TAKE,-0.7412123935747783,-1.209926314239226,-0.7699449793672628,0.5334646690297544,-0.5760780527456489,0.04830309803083402,-0.30492068902288016
NSE_EQ|INF247L01BL0,MOLOWVOL,-0.7429425554785501,-1.1726235169978645,-0.13981528989225186,0.11367035786849575,0.1643311066895091,0.7067208727629553,-0.010697780796196859
NSE_EQ|INF174KA1JE5,CONS,-0.7517151184291367,-1.1178708141471025,-0.19918197252662517,0.1490409762122077,-0.14555503781230195,0.4503437249672255,-0.034842120242025994
NSE_EQ|INF846K010Q0,AXSENSEX,-0.7667492592295653,-1.1178264381373404,-0.15379380741748913,0.11841507674616755,0.09228462500277121,0.826651243840869,-0.007699597216026045
NSE_EQ|INE0MIZ23019,ANZEN,-0.7732413454353281,-0.8510042504568902,-0.12672199170124498,0.29777404566852955,-0.07637362944481806,0.014118691493039527,-0.28766628497169777
NSE_EQ|INF247L01AK4,MOGSEC,-0.7862562714201575,-1.0006919167278006,-0.08463850656541684,0.09330479568256685,0.13988542489820388,0.0026625083955693772,-0.07707731713199731
NSE_EQ|INF769K01GS9,ESG,-0.8100725773062176,-1.2166015775363521,-0.16094032549728776,0.12979360913973573,-0.27260211491562664,0.9270867560426838,-0.008688159732665863
NSE_EQ|INE289C01025,TEAMGTY,-0.8271182961725057,-1.0680367959112878,-0.5523036128604577,0.5444140484434783,-0.6427307822909343,9.417221328848485e-05,-0.4541577627920481
NSE_EQ|INE0NDH25011,NXST,-0.8308844521827345,-1.1979556914778107,-0.2633070106697218,0.1642250803493005,-0.21845799603926958,0.03228570850437398,-0.11367741305455026
NSE_EQ|INE278B01020,RAMANEWS,-0.8424503676154246,-1.087290765445148,-0.6688681393759962,0.5227817259237141,-0.6586383169458447,0.012585784961343851,-0.3951521204671908
NSE_EQ|INE0OPC01015,INM,-0.8455348562228193,-1.3355988508269057,-0.5682158920539727,0.5122253154293369,-0.6809965159284267,0.04196645180680033,-0.3584567398515582
NSE_EQ|INF209KB19D1,BSLNIFTY,-0.8533585977044057,-1.2095879805282006,-0.15961665565102404,0.12216977692670834,-0.15582264148465666,0.8059606460613421,-0.019604462083387134
NSE_EQ|INE0FDU25010,BIRET,-0.878304031607672,-1.0532465872999741,-0.22486180014174473,0.1831345813575268,-0.29632207497940743,6.51406812107232e-05,-0.15970705658411638
NSE_EQ|INF0QA701722,NIFTYBETF,-0.883795970219263,-1.2649767983390532,-0.1615364377795308,0.11889010791026648,-0.1240416100195855,0.6432200004872441,-0.031482258038115954
NSE_EQ|INF846K01W98,AXISNIFTY,-0.884830797759594,-1.276897370071812,-0.15997205728257063,0.117766131865524,-0.3225862549821644,0.9541152212876723,-0.015420482849401692
NSE_EQ|INE0FLF01015,NIKITA,-0.9008008027055677,-1.1667575230222307,-0.4653730344596857,0.5400394023975039,-0.6856802359462664,0.053236320933262436,-0.3011583403932024
NSE_EQ|INE919I04010,RADIOCITY,-0.9033914831756643,-1.0648148590616249,-0.09509594882729233,0.10165096253390539,0.09843787935051908,0.0017541874375755185,-0.08814888895910857
NSE_EQ|INF789F1AZC0,UTINIFTETF,-0.9373760255840146,-1.3189638866424513,-0.16020365462407654,0.11495600211997126,-0.4274775847759222,0.9492440236940773,-0.021314422495340647
NSE_EQ|INF769K01JU9,LOWVOL,-0.947524160417589,-1.3934580801059748,-0.16072011566624722,0.10985718102897254,-0.14786610299140288,0.7840912178294537,-0.02901326607159271
NSE_EQ|INF277K010X4,NPBET,-0.9544984489175465,-1.3609935375755422,-0.17596261302448402,0.13953192918623386,-0.3878302875286267,0.5404597449667055,-0.05401269053670466
NSE_EQ|INF179KC1HZ7,HDFCPVTBAN,-0.9593721320800885,-1.2770159582874092,-0.17675378266849984,0.14350576330805448,-0.4120987946515377,0.5146117663961639,-0.058221328499722905
NSE_EQ|INE480M01011,THOMASCOTT,-0.9602328401175446,-1.6895545160056724,-0.6211536539038288,0.5369650634059705,-0.7971666583099015,0.03834470187447405,-0.4344582531494335
NSE_EQ|INF740KA1TA7,PVTBANKADD,-0.9766870691208731,-1.3542703080418437,-0.1770186335403732,0.13518981627122265,-0.4522215447405749,0.6557336521434887,-0.047546292127849825
NSE_EQ|INF200KA1S22,SBIETFPB,-0.9915231439158523,-1.3857734571877591,-0.1791458490178639,0.13506839978307286,-0.4852729871847653,0.6677844144724931,-0.04873532784364554
NSE_EQ|INE697V01011,PANSARI,-1.0427495377978804,-1.709425548580282,-0.4880151098901093,0.45674906060685244,-0.7728744860903176,0.026080645304981553,-0.4012187847806032
NSE_EQ|INF0QA701714,BANKBETF,-1.0743163708832788,-1.497541321506135,-0.18461538461538501,0.13961418012672477,-0.544205667325446,0.5157579433786034,-0.07260429531553411
NSE_EQ|INF754K01TE4,EBANKNIFTY,-1.078835861740728,-1.482068389326718,-0.18560027169298743,0.13940044161784212,-0.4861515625188282,0.40821276786591887,-0.08164939840538027
NSE_EQ|INF251K01TL6,BBNPNBETF,-1.08072610257348,-1.6813672525766008,-0.18918918918918942,0.1392843926463006,-0.6166302020624346,0.6033664374079675,-0.06702564933763414
NSE_EQ|INE286H01012,VISASTEEL,-1.0995165305498285,-2.405540263819279,-0.5939013964092333,0.563093247278339,-0.7244060363683067,0.006463718047543418,-0.5436585917831918
NSE_EQ|INF373I01023,PSUBANK,-1.1172507457936252,-1.651146086530321,-0.329713427427045,0.2242094746055677,-0.8178370363345399,0.28654289198855226,-0.15786729853005912
NSE_EQ|INF769K01LZ4,BANKPSU,-1.1208626194491211,-1.7157658958036746,-0.331077872744539,0.22684973584775062,-0.8540137622911669,0.3299047709044111,-0.1537040469943614
NSE_EQ|INF740KA1SY9,PSUBANKADD,-1.1334587550107045,-1.8615683730177655,-0.3321107430194039,0.22344360613342126,-0.8630835987156005,0.3319571005581263,-0.15390309290943113
NSE_EQ|INF789F1AUV1,UTIBANKETF,-1.1656725499705782,-1.5573286202691101,-0.18699186991869937,0.13436906811590263,-0.761178680939417,0.656203734826074,-0.07262134172123999
NSE_EQ|INF179KC1HY0,HDFCNIFBAN,-1.1698056056357855,-1.643709690081136,-0.18580236627228816,0.13117953017829084,-0.8214397427940117,0.7206282295530875,-0.06750792439043869
NSE_EQ|INE0VZX01015,RNPL,-1.1755119207713325,-1.413726580599929,-0.5059076262083785,0.7926349374345458,-0.9664028963266631,0.0385509075284582,-1.2082028440107024
NSE_EQ|INF209KB17D5,ABSLBANETF,-1.176365130905567,-1.615351982096595,-0.18810720268006614,0.12922284495653122,-0.7908491146336364,0.7086844393070306,-0.06805316401464005
NSE_EQ|INF200KA1580,SETFNIFBK,-1.1794742562027853,-1.5820146679742906,-0.185821481691929,0.13005037712839143,-0.7217210673730345,0.6432501282409184,-0.0728886994517432
NSE_EQ|INF740KA1RX3,BANKETFADD,-1.181698033710718,-1.551603346065656,-0.1857190747569572,0.13450511372667487,-0.8667579418353649,0.710667152548659,-0.07143012511558461
NSE_EQ|INF846K01X63,AXISBNKETF,-1.1984753303048392,-1.6537304661470904,-0.18588943787326878,0.12830539648214936,-0.7946109043929456,0.6920454552327893,-0.07139131368942325
NSE_EQ|INF769K01KR3,BANKETF,-1.204859757861263,-1.7204655906937412,-0.1861268365008761,0.12756077479447606,-0.8432563821693267,0.722736285648652,-0.06999501380265186
NSE_EQ|INE1JNC23012,TVSINVIT,-1.2131582966922396,-2.3920237172996948,-0.03919694072657705,0.1936686385266287,-2.7101603884743555,0.0003551624419549348,-0.248225578163965
NSE_EQ|INF769K01HI8,BFSI,-1.2480486737532768,-1.7980698181941173,-0.19543859649122763,0.13712535154230554,-1.047810790650066,0.7260799666590627,-0.08095768605387907
NSE_EQ|INF209KC1134,ABGSEC,-1.2490829909164096,-2.0442854855766535,-0.07449959608652797,0.05586920674544071,0.2919417319902812,8.163877754301459e-05,-0.07022663018333258
NSE_EQ|INE830Q01018,MANAKCOAT,-1.2948575356429401,-1.9727409173559967,-0.6461864338404049,0.5074647488326693,-1.129764903423916,0.04223996714630629,-0.5765984637291443
NSE_EQ|INF174KA1VD2,MSCIINDIA,-1.3445476772916198,-1.9359844623870641,-0.16348949919224556,0.1493536663821469,-0.02545926668435694,0.2597574662826038,-0.07779007645590436
NSE_EQ|INE287Z01012,GAYAHWS,-1.3463891962325472,-3.4164320451571495,-0.8281938325991192,0.5821014279935944,-1.0968233241901904,0.0013690517249611007,-0.7594465449888713
NSE_EQ|INE895W01019,PANACHE,-1.3555685699679862,-2.486404175856421,-0.62329119348618,0.4504598737967167,-1.1092557999203756,0.0005690031142572664,-0.6023360771999111
NSE_EQ|INE641C01019,KAVDEFENCE,-1.374205639408363,-3.3603325878427777,-0.7690770313531972,0.5456324344152982,-1.16939293801145,1.7942151785568308e-07,-0.7496327890729403
NSE_EQ|INE0XUS01012,PSRAJ,-1.3773003677662365,-1.9656176404554075,-0.5531914893617019,0.5604402102163922,-1.0151755672289045,0.004966297202556251,-0.7088710026557865
NSE_EQ|INE073V01015,COMSYN,-1.4037834005588892,-2.0528703108014335,-0.5870612525808675,0.42633649465341955,-1.1311931240044835,0.0005335771851961669,-0.5905971500432083
NSE_EQ|INE02KC01010,JAINAM,-1.4312925468710191,-1.9655521836182404,-0.525157232704403,0.5413051818739916,-1.2039289942363451,0.02249658636391255,-0.6893092738025128
NSE_EQ|INE219X23014,INDIGRID,-1.4335789138402406,-2.155824509969102,-0.1941870503597118,0.10424856123676948,-0.34945879771820243,0.00897523947682119,-0.14182599036124777
NSE_EQ|INE0NA501011,DIVINEHIRA,-1.497583629292749,-2.441268332644148,-0.7141000649772582,0.5307771517658852,-1.2406401190269722,0.030233651801195284,-0.6840914532779325
NSE_EQ|INE195N01013,PROZONER,-1.5739915114247345,-1.7715695870145696,-0.6782796592554635,0.4938585154606692,-1.4060147742127642,0.03890298024798965,-0.7021493216846801
NSE_EQ|INF582M01KS4,UNIONGOLD,-1.6481090460440584,-2.186367261601231,-0.3415300546448081,0.2747724125768265,-0.8997381305631417,0.0016494154285518437,-0.46919048266374547
NSE_EQ|INE295D01020,NACLIND,-1.6716753958074493,-2.3956016322629172,-0.8458088462728117,0.6766183682142921,-1.5189976321032934,0.0025318864308568204,-1.104809445764825
NSE_EQ|INE104101014,NRVANDANA,-1.687764150332566,-2.2477454413734104,-0.48480662983425366,0.5682110136263164,-1.449734494120199,0.0034212540375714606,-1.0059358689202387
NSE_EQ|INF205K01361,IVZINGOLD,-1.7169689148891092,-2.1559307673693286,-0.44040900002531064,0.2596288297307344,-1.2026914482760938,0.0010036731630387382,-0.4521229118169668
NSE_EQ|INE878I01022,BAFNAPH,-1.7196985801300786,-2.4113468566670377,-0.6312097277073371,0.4232952526369745,-1.4965340473481519,0.0021502993867150975,-0.715679558288335
NSE_EQ|INE0QBU01012,CPS,-1.7296191385069333,-3.8137705293384228,-0.6104491292392301,0.5348663345922444,-1.5095775332866739,0.04678444028884347,-0.7970269871831767
NSE_EQ|INF769K01KG6,SILVERAG,-1.7488294401834392,-2.659019158634445,-0.5198367717070952,0.28170094913753685,-1.3239027661718432,0.004617571602379167,-0.4778727717548678
NSE_EQ|INF769K01ON4,SELECTIPO,-1.7697364952592216,-2.710370357523869,-0.21058870011852943,0.17944545653926292,-0.8637624529882841,0.5525715679134715,-0.08446598934508506
NSE_EQ|INF200KB1217,SBISILVER,-1.7717220832650187,-2.8327962459815312,-0.5109972362966376,0.2770071610014528,-1.3445543927290204,0.006851315940978281,-0.4730832966299927
NSE_EQ|INE241X01014,VOLERCAR,-1.7742388993510556,-2.109971786428909,-0.6719836400817994,0.6163440849585446,-1.5155771457507303,0.014360351849795401,-0.9961774032749691
NSE_EQ|INF754K01SF3,ESILVER,-1.7787988092802154,-2.630469976634196,-0.5319343556631698,0.2763303465994661,-1.3539868399182493,0.008146797996571333,-0.4722861604551985
NSE_EQ|INF740KA1RE3,SILVERADD,-1.8261783136061673,-2.7234611839271627,-0.508112573013157,0.27033089864291576,-1.3918267041189445,0.00974293071146031,-0.47307809696992775
NSE_EQ|INE0RMF01018,OSELDEVICE,-1.848449670193577,-2.268723682681212,-0.7175815433571996,0.5698809157161074,-1.6871445955706383,0.015909912091261975,-0.9979176376173627
NSE_EQ|INE0NCC01015,ARIHANTACA,-1.908196405488979,-2.0084442251260097,-0.6296296296296294,0.5182705845681266,-1.7435976030898428,0.01343822662870365,-0.9427082403939788
NSE_EQ|INF846K01Z04,AXISBPSETF,-1.9146557687096475,-2.7724129798864965,-0.07534246575342501,0.03905653796419457,0.16220597486435984,0.0018299015022776271,-0.07349034538411012
NSE_EQ|INE0H7R23014,NHIT,-1.9780173249258315,-2.454661729035722,-0.10520833333333357,0.09415305585284954,-0.6556925415171005,6.726042677992957e-05,-0.18569404169380996
NSE_EQ|INE17WC01013,TEJASCARGO,-2.044036436346658,-2.616715285187845,-0.5555555555555555,0.5010266266921264,-1.6314988589129638,0.00015739489439218406,-1.0339421210668414
NSE_EQ|INE1BZC01019,OMFREIGHT,-2.171088610147823,-3.4637800871517093,-0.09280016156720192,0.3945739407128555,-1.2092124032484297,0.007398096517641571,-1.0291642155633662
NSE_EQ|INE124Y01010,PASHUPATI,-2.182279297537578,-2.6433597502830857,-0.42164496897432824,0.22653364617973115,-1.5710635602699556,0.007166810018538658,-0.5058475581993146
NSE_EQ|INF251K01SU9,BBNPPGOLD,-2.191826922686004,-2.959410848343649,-0.4128113879003563,0.20946911183981662,-1.5190863756005528,0.0014039746861161354,-0.45306235287835
NSE_EQ|INE00RQ01019,MINDPOOL,-2.2987467832050426,-19.668919337935808,-0.38711694809255787,0.721765130340705,-1.7234827335709604,0.005287593577661739,-1.4624630483848031
NSE_EQ|INF0R8F01133,LTGILTCASE,-2.30028125670527,-3.2836565057908604,-0.023825503355704852,0.026927740560635953,1.1690456210536646,4.924580440345994e-05,-0.06155775536748062
NSE_EQ|INE947T01022,GICL,-2.3209734241624256,-2.757754513610964,-0.7096774193548389,0.49012186787250284,-2.0463490193594756,0.002785263480084085,-1.1141571160678128
NSE_EQ|INE482B01010,TERASOFT,-2.345227308703635,-4.714584739317195,-0.7113144040735304,0.44556099118367043,-2.122898534829168,0.015806274809409316,-1.0017074428715629
NSE_EQ|INF200KB1712,SBIBPB,-2.3472593057537936,-3.940807051331711,-0.2931556632344041,0.20729608891880133,-1.8538542038285488,0.23942501192274954,-0.36167840753537484
NSE_EQ|INF1J2R01114,AONEGOLD,-2.3642663970865354,-3.9902729247306814,-0.1613431613431612,0.24963439355558784,-1.4292443541246804,0.00575116863352031,-0.5328632956051004
NSE_EQ|INF209KB18D3,BSLGOLDETF,-2.448711398432016,-3.5005863515610462,-0.4182938470884319,0.18960448074373787,-1.596579868071419,0.00189243483576153,-0.47065264661651096
NSE_EQ|INE00CE01017,SVLL,-2.5264468592309504,-3.740073407707595,-0.6500000000000002,0.3803513389699298,-2.2751735854582193,0.02651740241015176,-0.9131341806100548
NSE_EQ|INE0XWS01018,TAURIAN,-2.5292773560250725,-3.699460561804065,-0.43363914373088674,0.7550628952346408,-2.2697395046165805,0.0007045790621415591,-1.9580354987777189
NSE_EQ|INF247L01FZ1,MOSILVER,-2.555063630059224,-3.5299152024658182,-0.3648860958366064,0.4470027310314519,-2.022540193823377,0.013217648901766878,-1.276340900443075
NSE_EQ|INE0NR623014,CUBEINVIT,-2.5843372602447565,-2.466639781285315,-0.11764705882353009,0.15872892239646266,-2.060822844786375,0.021764801346822304,-0.41549494821713073
NSE_EQ|INF754K01SE6,EGOLD,-2.6306196708708014,-3.815941550874613,-0.4102760736196319,0.17545141899683844,-1.7073458010996558,1.64649780461286e-05,-0.4609964833366027
NSE_EQ|INF247L01FY4,MOGOLD,-2.6843023856986745,-3.6995101374337396,-0.24488219389725754,0.26889362917834053,-1.9240524136569102,0.00788977071065313,-0.7713851077263502
NSE_EQ|INE0MOT01016,KANDARP,-2.868984935648838,-5.115292132817445,-0.7137864077669904,0.45050815841382885,-2.6728947558808405,0.014841849045381853,-1.2554068458046403
NSE_EQ|INE219Y01026,RMDRIP,-2.8916179745453965,-4.261177033336035,-0.6264648437499998,0.32603762165930766,-2.6260240917267565,0.04891762491180511,-0.8867651506929082
NSE_EQ|INE472B01011,BLUECOAST,-2.8970364237176027,-6.802955337095725,-0.8869555062478105,0.5425846090786798,-2.731875924387308,8.976603742783521e-05,-1.5695088644030957
NSE_EQ|INE719F01016,SHIVAUM,-3.0259864103840566,-6.7135237809831,-0.19354838709677424,0.3863501420895047,-2.4301762906530273,0.0554159517579906,-0.9479395307693935
NSE_EQ|INE369C01017,NORBTEAEXP,-3.405941839186727,-6.160729785195092,-0.7758724428399519,0.39353724592656253,-3.012765708238699,6.433894165671362e-05,-1.3427644815729214
NSE_EQ|INE517M01028,POLYSIL,-5.4540214656161545,-16.581426921977947,-0.952411783748786,0.45762210559399724,-5.152405304989941,0.009173503514658126,-2.455882353135388
NSE_EQ|INE117B01020,CURAA,-5.771726734423821,-11.20052340765785,-0.9201973442181471,0.476404559308402,-5.212211634256928,0.030860704943306824,-2.8115420486653315
NSE_EQ|INE0SGC01015,MVKAGRO,-6.499432117346815,-11.246144727386374,-0.9504594180704441,0.41984693215124597,-6.378959532979107,0.041605741199980215,-2.6626707020726315
NSE_EQ|INF179KC1JG3,HDFCLIQUID,-15.623040489876857,-16.462788030515735,-0.03504742789319787,0.002345834809981118,0.47554972707378623,0.0007087596443671327,-0.036697272995960234
NSE_EQ|INF754K01VW2,ELIQUID,-15.984719062666889,-15.984719062666889,-0.004888323662665963,0.005651033072559188,9.85649979836415,0.0032708382477663056,-0.08670366922492839
NSE_EQ|INF200KB1969,SBILIQETF,-20.593606698376206,-23.565593903343316,-0.012852355608121854,0.002708658026424858,1.6794686698083658,0.039579980440693226,-0.057079223749314935
NSE_EQ|INF109K1A021,CASHIETF,-22.522378602375326,-22.69754816314788,-0.03423772609819214,0.0024167727190564227,1.321654420525142,0.012955177788780243,-0.05492026970921343
NSE_EQ|INF769K01MY5,LIQUIDPLUS,-23.909197920929113,-24.24230717073325,-0.05394872182011938,0.0023809893155755405,0.3116130536713599,0.005957255578434145,-0.057069381188991644
NSE_EQ|INF1J2R01056,AONELIQUID,-24.54032202766073,-25.043889725077847,-0.03201206251630997,0.0021407092598750336,0.8437935004454755,0.008618309857730164,-0.052787518110962175
NSE_EQ|INF204KC1FU1,LIQGRWBEES,-25.05663425892826,-25.696940357222427,-0.014808182381706024,0.0019924746672637947,1.231937175007652,0.07125937008126348,-0.050913107531415536
NSE_EQ|INE610E01010,KALYANI,-76861.51234536499,-76861.51234536499,-0.047577666739083195,0.00015602150435139423,-367.3060712690711,1.0,-11.992227428117285
