instrument_key,tradingsymbol,avg_quarterly_sharpe,avg_quarterly_sortino,avg_quarterly_max_drawdown,avg_quarterly_std_dev
NSE_EQ|INE0SVO01019,SIDDHICOTS,12409.256520615869,,0.0,0.2150651957545748
NSE_EQ|INE0NA501011,DIVINEHIRA,1407.8206324784574,-5.781607317702718,-0.24734076439195407,0.35563457467858134
NSE_EQ|INE0TD101011,IDENTICAL,1043.1097145276383,5.130975022734255,-0.13413211648134496,0.393879666605691
NSE_EQ|IN9278G01019,CYBERPP,629.0895555862589,6.721999975698165,-0.06747404844290655,0.3464286860173669
NSE_EQ|INE0MOT01016,KANDARP,101.11989368540121,-1.4552651636018135,-0.2710783427359056,0.6464316441227412
NSE_EQ|INE669A01022,INFOMEDIA,27.558152291210927,-0.8123589065759041,-0.24662918001629675,0.47046602441659247
NSE_EQ|INE472B01011,BLUECOAST,23.211310303347624,-259.5775601245959,-0.2600135284221674,0.5110872317602564
NSE_EQ|INE543V01017,ACEINTEG,15.088476479195398,-16.704993861530514,-0.1649996172340694,0.3983548296694872
NSE_EQ|INE332S01011,EMKAYTOOLS,14.902874931527668,-4.9718493722260355,-0.2339732240490861,0.6188150336878481
NSE_EQ|INE0DZ101013,SABAR,14.552685473496622,2.45077272141601,-0.2450053875946585,0.7086556998033148
NSE_EQ|INE319Z01021,SUPREMEENG,12.566050692619124,0.05478965184115943,-0.26622066392308746,0.5604659576800317
NSE_EQ|INE0ZI101018,GANGABATH,8.220465800577715,105.19439727811778,-0.09291957675136786,0.42011685415089617
NSE_EQ|INE268L01046,SHEKHAWATI,7.556338451912249,4.084351750608321,-0.12878219012241987,0.4176513856461512
NSE_EQ|INE054301028,ODIGMA,6.651905856209804,3.172263722743343,-0.21754465944007503,0.4489502892788714
NSE_EQ|INE0U6N01014,SFML,4.630080253631756,0.6596303915385587,-0.13627805439011736,0.4745895766295659
NSE_EQ|INE697V01011,PANSARI,4.465377554314876,-72.77890573488823,-0.22232781021284595,0.40049077550550083
NSE_EQ|INE0PQK01013,FALCONTECH,3.795616371928866,3.7111007202404918,-0.16020054043400547,0.5339711939421903
NSE_EQ|INE0US801024,MFML,3.303902919392377,8.724068585910294,-0.1479331309741662,0.5201899546573484
NSE_EQ|INE0DAB01012,RVTH,2.974060575722506,5.973664935612647,-0.16130784710667995,0.5565496657599497
NSE_EQ|INE784B01035,WINSOME,2.608979089949305,39.1840768763704,-0.1532125352975528,0.9236813437463754
NSE_EQ|INE888C01040,SADHNANIQ,2.496834176044086,4.353586496594715,-0.21018249047572513,0.5129864108765603
NSE_EQ|INE0XM301010,MMEL,2.4488378549245766,4.453034645124844,-0.13873909032853204,0.7062877291132136
NSE_EQ|INE113601012,REXPRO,2.1011598409469623,3.8844173992495805,-0.15935083258324895,0.41004952131727324
NSE_EQ|INE0B2801011,UNILEX,2.072645064964935,5.723612591389951,-0.13258146226916445,0.5180881708411536
NSE_EQ|INE0SVY01018,KATARIA,1.704000624866682,2.1426725322052493,-0.15368211059608713,0.44835824144902175
NSE_EQ|INE442P01014,SUYOG,1.6772198863805743,3.543907453191825,-0.14145797344938715,0.44357043529838375
NSE_EQ|INE452O01016,FLFL,1.6444140609289397,3.6149240588693345,-0.22073425885746903,0.5161959109898506
NSE_EQ|INE0I0M01023,PRABHA,1.6316167102184427,3370.46380221836,-0.17846944270216486,0.500991369948332
NSE_EQ|INE308E01029,SVPGLOB,1.6222326939617682,3.234597629281063,-0.21223651958918766,0.4936722883609105
NSE_EQ|INE635A01023,SHYAMTEL,1.5875145755841717,2.3876469222523133,-0.25317676223137153,0.5293094453034601
NSE_EQ|INE0ECC01022,MAXPOSURE,1.551626972836516,2.802465466647716,-0.18863834528502643,0.6084469208559397
NSE_EQ|INE0RDH01021,LAWSIKHO,1.4468099436017388,2.8146505577385206,-0.20011565903856665,0.5037741651258274
NSE_EQ|INE0SHE01019,THESL,1.435553595328543,1.2285117016304596,-0.23493108381627384,0.6816143043735019
NSE_EQ|INE860T01019,SABEVENTS,1.405854201155526,11.478022054185088,-0.29533119780661343,0.48292944451096104
NSE_EQ|INE472M01018,MTEDUCARE,1.4044857991646533,3.310097291434244,-0.25008422951587134,0.5339753599284901
NSE_EQ|INE970D01010,LOYALTEX,1.3726750196066055,3.030085135554168,-0.16336640278987954,0.46311033751816844
NSE_EQ|INE0ZOL01023,EMAPARTNER,1.344876395233245,2.209723110165043,-0.13111113732347163,0.4172339704914766
NSE_EQ|INE0TG801013,PARAMOUNT,1.3427604584026978,1.8667588524026215,-0.2277225343846224,0.6307149184866728
NSE_EQ|INE885F01015,MASKINVEST,1.3334034628840785,-4.711926180318609,-0.31197359639935884,0.5666398448384768
NSE_EQ|INE411Y01011,DIL,1.315129038833222,316.63821014843967,-0.4382389827711543,356.0119790494621
NSE_EQ|INE849L01019,ORTEL,1.2836734985003626,2.953476882748275,-0.29635012587589954,0.6573759618938552
NSE_EQ|INE0T0L01014,KALANA,1.2703342742377446,2.4003407699957218,-0.16588040658459996,0.5275863351446551
NSE_EQ|INE615R01029,TRU,1.2652302831108537,2.7595915895795162,-0.27154622726519867,0.5939919264944789
NSE_EQ|INE0TLP01015,WHITEFORCE,1.2571864357342872,1.989982066352288,-0.19985706954306032,0.7701211765076873
NSE_EQ|IN9382T01012,GVPTECHPP,1.2426668806328987,2.3448858112566695,-0.15499404518548807,0.789627873724422
NSE_EQ|INE968D01022,ARSHIYA,1.221689371243338,2.34072378379821,-0.2826321771739085,0.5880142477003181
NSE_EQ|INE0I3401014,DBOL,1.1889168193824757,2.0732708673811233,-0.17350817377793634,0.404623145788224
NSE_EQ|INE0OL001018,SPECTSTM,1.1369526966031507,-18.463610854233078,-0.2307027929788215,0.5798397520460354
NSE_EQ|INE070C01037,COMPINFO,1.1265515533162895,4.799109811118695,-0.25913075818902553,0.5898365771385313
NSE_EQ|INE0PLZ01012,SUNREST,1.1218819015744492,1.793106136009147,-0.16638101749615009,0.7403717773022991
NSE_EQ|INE0N7F01017,HOMESFY,1.1199188923056782,2.54022833978838,-0.22355335913646626,0.5889224025634434
NSE_EQ|INE436A01026,ANSALAPI,1.1195517603466556,11.565995968180768,-0.28968218967851034,0.5458307601720624
NSE_EQ|INE694N01015,HERANBA,1.116981480202179,2.4047243892886616,-0.15040712462963585,0.39187959002542805
NSE_EQ|INE0K6601012,TGL,1.1136335952906486,1.8407442756584669,-0.3526677523498644,0.5739847402659966
NSE_EQ|INE023M01027,SETUINFRA,1.0601828217408495,4.628110758925186,-0.30912230508036337,0.6744221825318878
NSE_EQ|INE0LS001014,USHAFIN,1.054404619084837,1.0510036852049545,-0.20595298294756503,0.5095515667664863
NSE_EQ|INE642Z01026,AKI,1.0337459345632,2.094356056636292,-0.23479371405311447,0.4516474956150669
NSE_EQ|INE251C01025,ABMINTLLTD,0.9944096541476686,1.6255556614610227,-0.26469718470985065,0.5784394710825321
NSE_EQ|INE335K01011,COFFEEDAY,0.9719524633327236,10.402770114130544,-0.25222574567032513,0.6174823297922405
NSE_EQ|INE060J01017,FLEXITUFF,0.9281541542846673,1.9205096042095808,-0.31735971941861835,0.5563630672941494
NSE_EQ|INE01ZJ01015,SURANI,0.9111276774204128,-10.821524433572018,-0.23438525449832706,0.6592452087156915
NSE_EQ|INE474L01016,OMKARCHEM,0.8931848350087239,1.0401501690331827,-0.3108775251411769,0.5882196219428003
NSE_EQ|IN9623B01058,FELDVR,0.8418900618450212,1.3533588066099667,-0.24670768691102857,0.5607594598696691
NSE_EQ|INE776I01010,MEP,0.8395440832096884,-1.452145098811693,-0.2717478629184764,0.5392684771181994
NSE_EQ|INE0DSF01015,NURECA,0.8373497301294772,1.1929431533155943,-0.21729298683759884,0.49544270676383817
NSE_EQ|IN9526B01012,CALSOFTPP,0.8320973797920483,3.7650660841193697,-0.2789819454675274,0.6340318126547969
NSE_EQ|INE0WVU01018,ONYX,0.8210112926460729,2.8687990315401874,-0.2032949779629158,0.6548267428364193
NSE_EQ|INE00ER01015,ONDOOR,0.8140489759365668,1.6536027601936722,-0.24510659257181233,0.5595657309621133
NSE_EQ|INE610C01014,ARENTERP,0.7890747229217637,1.521010335507616,-0.2754631760019596,0.5623253273354047
NSE_EQ|INE0GIU01018,UMAEXPORTS,0.7873409294277407,1.125398691778068,-0.21994031550130352,0.4906438870556114
NSE_EQ|INE065X01017,INDGN,0.7840988541076536,1.6466172090586153,-0.13517854007455485,0.36088979606093846
NSE_EQ|INE497S01012,GODAVARIB,0.7562135820489698,1.9776028721292795,-0.26774197475542716,0.5613216795895578
NSE_EQ|INE479D01038,KRITI,0.7446263252145684,1.8144823908630574,-0.2252691538339079,0.51589954586628
NSE_EQ|INE268B01013,KREBSBIO,0.7055402416196902,1.5858469704375648,-0.225655491643373,0.5418548328783303
NSE_EQ|INE342A01018,PREMIER,0.6818786552218958,0.6127000182954216,-0.2627412578954542,0.5299886892298554
NSE_EQ|INE440L01017,TIJARIA,0.6780606620924574,1.701957689391909,-0.26480722360154024,0.5098137316247332
NSE_EQ|INE726L01019,DELPHIFX,0.6753713016225588,1.3138876198887335,-0.22063597171642563,0.49723856325074056
NSE_EQ|INE557Z01018,PIGL,0.6727872957950755,-12.03259773276104,-0.25135892312993974,0.5249328845891725
NSE_EQ|INE369C01017,NORBTEAEXP,0.6720662913734305,8.063519925654319,-0.2667182600611291,0.46139007825662126
NSE_EQ|INE082W01014,WEWIN,0.6589052523273553,1.6636408679544483,-0.27504298121027354,0.9948467060196844
NSE_EQ|INE161G01027,MORARJEE,0.6469207706452137,1.378042099674556,-0.2683415133325632,0.5834531452406049
NSE_EQ|INE670X01014,LASA,0.6246950983721827,1.0514517924227698,-0.25555100514581663,0.5976694653343048
NSE_EQ|INE0N1401016,NEELAM,0.6141740304012542,1.984092496550923,-0.24298160859049153,0.6781398378847009
NSE_EQ|INE0NLB01018,VERTEXPLUS,0.6061502572592489,1.9022574260465037,-0.2423499970220128,0.6288276805193981
NSE_EQ|INE871L01013,TVVISION,0.6005069704602055,-20.618904283941102,-0.3215512638545145,0.4909697454603114
NSE_EQ|INE0VG601013,PELATRO,0.5837600153621585,2.312098420765901,-0.19105808644591896,0.5308136647813771
NSE_EQ|INE03HW01020,VLEGOV,0.5832276956028295,2.041077584324768,-0.30205014968012367,0.542970089872947
NSE_EQ|INE688Y01022,DANGEE,0.5780196844719248,1.0377716571754998,-0.1948032066937588,0.49622640020590986
NSE_EQ|INE203Y01012,SILLYMONKS,0.5707872183962027,1.8915117615577899,-0.22754205340348857,0.6382427210129469
NSE_EQ|INE979R01011,SHYAMCENT,0.567980044560297,1.1346819473405934,-0.25207183275909906,0.5090789621913903
NSE_EQ|INE740X01023,LAL,0.5574112682284469,1.3194662281068321,-0.27313814192670827,0.45754401120903004
NSE_EQ|INE0JRD01019,DTL,0.5317821266715977,0.9254010751891935,-0.1966656177778082,0.6107205852836598
NSE_EQ|INE781B01015,NOIDATOLL,0.5064592512544573,1.1069691486765545,-0.2765529312819605,0.5199759915315643
NSE_EQ|INE778K01012,EMAMIREAL,0.4866712097381033,1.0406823802415044,-0.2694531630286618,0.5266438782890348
NSE_EQ|INE405Y01021,GOLDSTAR,0.4740873766713148,9.530099621510967,-0.1815794624841401,0.5054177815373246
NSE_EQ|INE142I01023,TAKE,0.4641056430895083,-0.5040853503969467,-0.23691271970697805,0.4931241321577628
NSE_EQ|INE210A01017,WILLAMAGOR,0.4621795964674806,1.220950536131174,-0.27795699867495893,0.5895004709485534
NSE_EQ|INE0O6N01012,AGUL,0.4567603263017384,1.2562176064491892,-0.26275554621010866,0.646980240111793
NSE_EQ|INE013P01021,ONESOURCE,0.4505963234542337,1.138851417002451,-0.19086112703685457,0.38780040276572353
NSE_EQ|INE544H01014,JHS,0.44714267527676654,0.510892885213237,-0.25260308348146937,0.5186702579408602
NSE_EQ|INE497D01022,DAMODARIND,0.44427522157840105,0.9386340396451812,-0.1938520191825006,0.5031723881298592
NSE_EQ|INE973A01010,GOLDENTOBC,0.44401326225826226,0.700947444310369,-0.21164705223657107,0.4669922712282012
NSE_EQ|INE0BTM01013,SECMARK,0.43584835340523775,1.032159472102544,-0.2218074078828288,0.5514139319953384
NSE_EQ|INE454M01024,NAGAFERT,0.43054321732155226,0.5493563548245403,-0.2731190617430206,0.4916968522972688
NSE_EQ|INE819L01012,ELGIRUBCO,0.4091560835850881,1.0346093280012363,-0.25652983195951734,0.5287990920991821
NSE_EQ|INE345B01019,CEREBRAINT,0.4090365375307107,0.9705301194005486,-0.2517436020137434,0.4836219318030261
NSE_EQ|INE505A01010,DMCC,0.40819530354005795,0.7682279432740347,-0.181454372757492,0.4410899845589837
NSE_EQ|INE218G01033,PALREDTEC,0.3939404393089694,0.3384173085486192,-0.28288629549933236,0.5551281294452167
NSE_EQ|INE627H01017,CTE,0.3855714225404873,0.7292208478290874,-0.27672670689394,0.5845502527281339
NSE_EQ|INE978G01016,SPLIL,0.3798256182077747,0.85114727573977,-0.2113017720081359,0.5319608805639449
NSE_EQ|INE461B01014,REPRO,0.3790335220708688,0.8970247144950129,-0.18302398656379684,0.4383211095984779
NSE_EQ|INE09EO04017,AARTISURF,0.37719717442791983,5.360465672782097,-0.19877468493590802,1.4186706072930504
NSE_EQ|INE278B01020,RAMANEWS,0.37534311037712975,0.6105325116006229,-0.21148917786569416,0.4841204225523188
NSE_EQ|INE924H01018,TARMAT,0.3694726589329827,0.691007890278147,-0.2542657665975007,0.5391938079112149
NSE_EQ|INE542C01019,NKIND,0.35611029257265153,0.7135994758850011,-0.2687932895837096,0.5555167207734233
NSE_EQ|INE713C01016,SURAJLTD,0.35004317299545257,0.3156792014874043,-0.19660348643354286,0.4707248354993781
NSE_EQ|INE0KN801013,PROPEQUITY,0.33056635064547624,3.2159877082251414,-0.13111199948619143,0.7684507114378831
NSE_EQ|INE452L01012,INCREDIBLE,0.33008922647696004,0.947207329387268,-0.2507379410893727,0.531252142772085
NSE_EQ|INE295A01018,EVERESTIND,0.3232062506728735,0.8187308178492897,-0.20819203641491235,0.44229620505247186
NSE_EQ|INE481Z01011,UNIINFO,0.30449836822706444,1.0632196582283802,-0.25833308151661244,0.6011409109525577
NSE_EQ|INE0O1S01012,MAGSON,0.30396895265392254,0.7367336513873758,-0.1916639940508132,0.5501997333441212
NSE_EQ|INE831A01028,MIRCELECTR,0.30240888518534575,0.7206096366355076,-0.2961416206622388,0.5604772770680132
NSE_EQ|INE392B01011,PNC,0.2824158796142455,0.7419492491740675,-0.24922674244159376,0.56659965476661
NSE_EQ|INE546Y01022,PRAXIS,0.2601909900318273,-8.91699310499723,-0.2848191537659858,0.5234846145690102
NSE_EQ|INE195N01013,PROZONER,0.24004204052780917,0.2616424186179528,-0.2482701722613059,0.5070351667819184
NSE_EQ|INE082101010,ARISTO,0.23960139434564046,0.7809048214903594,-0.22594500446818713,0.6562094642222415
NSE_EQ|INE0OJW01016,ROSSTECH,0.23296591123068722,0.0564547303806779,-0.24205584215373652,0.4734834197280395
NSE_EQ|INE287Z01012,GAYAHWS,0.23088535219542558,2.205969864755939,-0.38973070051929837,0.9364189659850514
NSE_EQ|INE646C01018,GROBTEA,0.22706774447836472,0.693813225112754,-0.22929281338695545,0.5185467947744451
NSE_EQ|INE925C01016,MADHAV,0.22587353499825322,0.5402460633067058,-0.21333745819838154,0.4856281459306658
NSE_EQ|INE926K01017,AHLEAST,0.20984878310134025,0.9426069695600413,-0.16115871967102882,0.4063102074701019
NSE_EQ|INE846D01012,LORDSCHLO,0.2009992564961101,0.405415883288572,-0.20559245117051578,0.5012802784782164
NSE_EQ|INE165B01029,RSSOFTWARE,0.2009426542051254,0.9799281882800989,-0.2641084232753525,0.551428010561396
NSE_EQ|INE610B01024,GUJRAFFIA,0.19671639544918237,-0.5375808288117195,-0.27867915558233675,0.49213521498320273
NSE_EQ|INE802W01023,BOHRAIND,0.17957336751353553,1.2995161801365067,-0.24260149176067092,0.5149084173128479
NSE_EQ|INE00NI01015,UCL,0.17640774356839242,1.2405066270804332,-0.2029275098352251,1.1453110753389295
NSE_EQ|INE014B01011,TECILCHEM,0.17279492365891488,0.43254775166622195,-0.2858863784518671,0.558192113348432
NSE_EQ|INE075B01020,SICALLOG,0.17231659451752757,0.2961725030552068,-0.25611271072010194,0.5463936666357364
NSE_EQ|INE285H01022,ATLANTAA,0.16407126531372293,-0.022469087989002073,-0.293845223467422,0.5402378275199962
NSE_EQ|INE528A01020,GKWLIMITED,0.16190419651725327,0.5385243084273933,-0.20090852852672908,0.45701648658674004
NSE_EQ|INE0KLO01025,ACTIVEINFR,0.14985451762540086,0.5481612963328041,-0.07329958796370106,0.253258811877417
NSE_EQ|INE874F01027,RADAAN,0.1476559211579637,-4.276658059792204,-0.28585442681312434,0.5530338797111094
NSE_EQ|INE0OVI01010,SANGANI,0.14727719957176472,0.624037144913782,-0.1900770674855567,0.5104972959441175
NSE_EQ|INE0U2501017,FORCAS,0.13672927506344731,0.2651364989586125,-0.2228204039969278,0.5435398185192513
NSE_EQ|INE613B01010,ICDSLTD,0.12800007651379922,-4.352169191667504,-0.2754122337747147,0.4577561663270768
NSE_EQ|INE832A01018,MODIRUBBER,0.12796873127639358,-0.14402392453134907,-0.21205322452407782,0.4584117334956666
NSE_EQ|INE03V001013,UNIVPHOTO,0.11298118645383089,0.48339440086598157,-0.25311685294455827,0.5263826818176259
NSE_EQ|INE865T01018,PDMJEPAPER,0.10930089757769577,0.7199316429916635,-0.23830917001633845,0.4901772193813798
NSE_EQ|INE626Z01029,HARDWYN,0.10335756107843866,1.1205387649849967,-0.2931642418168185,2.21879676156756
NSE_EQ|INE0MJQ01020,PRITIKA,0.10322994228952036,8.67491680256069,-0.15368731961800733,2.393859669335165
NSE_EQ|INE0O2D01012,SOTAC,0.06905627994414519,-0.18796275953566538,-0.20740236279697355,0.6419911844493925
NSE_EQ|INE058B01018,ZENITHEXPO,0.06898442481069612,0.3725918398174886,-0.3059941790076996,0.5577313000215566
NSE_EQ|INE804H01012,TFL,0.05786726681964203,0.5037398105423543,-0.2845625067453458,0.545832218590333
NSE_EQ|INE886A01014,IITL,0.05572070924268936,0.27199755528216346,-0.25595659735135073,0.5135318258604916
NSE_EQ|INE865C01022,BIRLAMONEY,0.055004791649477656,0.8187299817197643,-0.2165984290220185,0.4944036413376011
NSE_EQ|INE215F01023,WIPL,0.05320909746165358,0.3995571098105103,-0.17020009105462686,0.4156346758132062
NSE_EQ|INE245I01016,NAGREEKCAP,0.051059282380179385,-0.09212760731979161,-0.29120457835347097,0.5817998332285413
NSE_EQ|INE954E01012,MOHITIND,0.04334502314543935,-0.4782955811021156,-0.253299443115167,0.5276187014273034
NSE_EQ|INE0DTQ01028,LLOYDS,0.03658917179271098,0.09584478400136794,-0.2691444922745361,0.6186509320348017
NSE_EQ|INE0R7401011,CGRAPHICS,0.03461056422863159,0.1495969093042732,-0.26764938770909263,0.5603232044328409
NSE_EQ|INE0DZ701010,DYNAMIC,0.027229731239441977,-0.5412483294485702,-0.30526976810677786,0.57943811302343
NSE_EQ|INF209KB18T9,ABSLLIQUID,0.01610511743947406,0.037922961739328014,-1.9999800002400455e-05,0.00016833833257528814
NSE_EQ|INE025A01027,CONSOFINVT,-0.001472304568968384,0.0679531382842407,-0.2185607462032241,0.49312807865703584
NSE_EQ|INE289C01025,TEAMGTY,-0.00839796816889915,0.41577284512070445,-0.2766153186427295,0.6053037849458158
NSE_EQ|INE505V01016,EUROBOND,-0.023746042946033753,0.264979237999697,-0.1893688840417648,0.4279358898763469
NSE_EQ|INE248A01017,ITI,-0.025561875206139013,0.10583448542593457,-0.2232104554994887,0.49046647113003145
NSE_EQ|INE296H01011,EMKAY,-0.031433442335558,0.20183517337147455,-0.2632288916619649,0.5303923610428111
NSE_EQ|INE397H01017,LOKESHMACH,-0.03338512482415086,0.10200293855989521,-0.24505816054897975,0.5374211783228552
NSE_EQ|INE061A01014,INDIANCARD,-0.03493186098926253,0.18934466988837687,-0.21085612593327374,0.44681456264050273
NSE_EQ|INE947T01022,GICL,-0.04101349624905828,-3.4962120490041597,-0.21136409558578637,0.49370198465190956
NSE_EQ|INE938A01021,LCCINFOTEC,-0.041919216529599866,1.0181615458036246,-0.2852070596038226,0.47554536680041287
NSE_EQ|INE06PV01010,CMNL,-0.0543931927019383,0.04644545963614608,-0.2597267647374166,0.5537060711476453
NSE_EQ|INE508K01013,RHL,-0.057701993855568935,0.4508880222631452,-0.23715610431508738,0.4607770733967838
NSE_EQ|INE885E01042,MAZDA,-0.06615868305307769,0.25566834815943856,-0.20961047890449716,0.42878626089317046
NSE_EQ|INE073V01015,COMSYN,-0.06878923908172802,0.13403501439906929,-0.2204856873280392,0.4433500318892587
NSE_EQ|INE1CRQ01014,CURRENT,-0.08002241852853187,-0.1377448816034017,-0.14011828829538706,0.5059336132077993
NSE_EQ|INE295D01020,NACLIND,-0.08405841620412355,0.0880989390576294,-0.22073027120324995,0.46372238264884097
NSE_EQ|INE828A01016,BIL,-0.09283648869271126,0.3060591213871569,-0.2556493189630662,0.4968881942057914
NSE_EQ|INE0RMF01018,OSELDEVICE,-0.09915184877099215,1.5639281537211793,-0.3008441396906486,0.5859966559992187
NSE_EQ|INE680Z01018,AVG,-0.1309333144831961,-35.90600871499003,-0.26072112764966415,0.6405499770722275
NSE_EQ|INE735M01018,SAMPANN,-0.13699143943486614,-0.884048920693666,-0.308202129181797,0.5651412070446212
NSE_EQ|INE02EE01019,IPSL,-0.13827296971992084,-0.008904296360119187,-0.25098759374151,0.9063322515020764
NSE_EQ|INE482B01010,TERASOFT,-0.14756897680261175,-0.15893027621773811,-0.3007041331727809,0.605271517062407
NSE_EQ|INE895W01019,PANACHE,-0.15015905708467067,0.8004409803462931,-0.2613037433523212,0.6299049802440523
NSE_EQ|INE568Z01015,URAVIDEF,-0.16698945407529386,1.0788126418945636,-0.17093406642333667,0.4875956758185126
NSE_EQ|INE570D01018,ARROWGREEN,-0.17070292291193961,0.005443872037412242,-0.2996001274568315,0.6118213939564706
NSE_EQ|INE586X01012,GTECJAINX,-0.17552765329550804,-16.887033691905486,-0.19257906674511274,0.5082063489652554
NSE_EQ|INE486Y01013,TOUCHWOOD,-0.1760598578939019,-0.060645643996309354,-0.2661766606975326,0.6364381582611645
NSE_EQ|INE0FDU25010,BIRET,-0.1915529620609338,-0.17465764008502055,-0.07715792465083919,0.1662662368770949
NSE_EQ|INE00S901012,NILASPACES,-0.19504701514188844,0.8297463556558399,-0.3080219418674128,0.5602090159849552
NSE_EQ|INE728Z01015,SOFTTECH,-0.21311617835310928,-0.42133091418860474,-0.22116317073917538,0.4938167462421711
NSE_EQ|INE403Y01018,INNOVANA,-0.22014661438390343,-0.9147200144139795,-0.28399427310485736,0.5697523950133607
NSE_EQ|INE498E01010,SALONA,-0.22446135175469514,-0.3867799786020238,-0.21885433405901109,0.5360485938553542
NSE_EQ|INE389K01018,WELINV,-0.22533598137748467,-0.0710062427194481,-0.2366857565613614,0.5181884959089599
NSE_EQ|INE10QL01011,READYMIX,-0.23098847597274613,-0.40913811306457193,-0.2990272276992988,0.5866601404433127
NSE_EQ|INE961Y01015,MAHICKRA,-0.24952848589399274,-0.03027300137961224,-0.15908356786728697,0.5074576608391649
NSE_EQ|INE715Y01031,SHRADHA,-0.2707257135713008,0.8355276882706283,-0.3139751390290093,0.7777064509866473
NSE_EQ|INE05ST01028,SBGLP,-0.28184430309626424,0.7131716453642357,-0.23764857893935934,0.44945141511330805
NSE_EQ|INE0CHO01012,ADL,-0.31586037607946776,-0.5494486148327641,-0.19992315597058166,0.4207960982220664
NSE_EQ|INE0OPC01015,INM,-0.33611199025543304,-0.058342227740479036,-0.1983719886186803,0.5116473076080288
NSE_EQ|INE155Z01011,MACPOWER,-0.3489359053063131,-0.2304161777429153,-0.2786663539030489,0.5556436830027661
NSE_EQ|INE0SN801015,SILKY,-0.3658411238560657,-0.041427389984771246,-0.22486225438730795,0.7042852094396092
NSE_EQ|INF209KB11D8,TECH,-0.36907077949043066,-0.22144510862212474,-0.11137989598471601,0.19969256704428198
NSE_EQ|INE129Z01016,SINTERCOM,-0.38291952001966933,-0.12167308814025544,-0.15366988518749988,0.3530046136239582
NSE_EQ|INE323B01024,AVONMORE,-0.38661381061766226,-0.600667659471468,-0.23332089818110222,0.47623957589682026
NSE_EQ|INE555Z01020,TARACHAND,-0.40735052648186443,-0.08040306505406374,-0.26516168537285206,0.6991633714492312
NSE_EQ|INE0KNW01016,KNAGRI,-0.4118513563411409,-821.3424900225721,-0.20771773598965285,0.5123222447981376
NSE_EQ|INE651C01018,LAKPRE,-0.4343179679017199,3.6799882740890397,-0.25157928346826425,0.5271710499181846
NSE_EQ|INF740KA1TA7,PVTBANKADD,-0.44490199317729423,0.01219410872090938,-0.08167089550308079,0.1923629382350404
NSE_EQ|INE338Y01016,OMFURN,-0.4505634008376432,-22.643961260286897,-0.2052870184936304,0.6297939174429371
NSE_EQ|INE830Q01018,MANAKCOAT,-0.4665110292547535,-0.3381573043725411,-0.3139714469612769,0.5495150315514146
NSE_EQ|INF179KC1IA8,HDFCNIFIT,-0.4898988589071805,-0.5827992418542705,-0.10942972299843429,0.2085185291481274
NSE_EQ|INE640C01011,SHAHALLOYS,-0.5183426561775116,-19.313915723305964,-0.30142355321060726,0.5577433746372619
NSE_EQ|INE124Y01010,PASHUPATI,-0.5186352697752582,-1.252966550702307,-0.18542829627415944,0.7991547428097519
NSE_EQ|INE286H01012,VISASTEEL,-0.5281796446671836,-62.256865166013505,-0.2776230779354278,0.5685673711956964
NSE_EQ|INE0OJM01017,MASTER,-0.5336325518431843,-0.7238447423472592,-0.1794489343973035,0.4346063954715797
NSE_EQ|INE822G01016,ELECTHERM,-0.5422805068119556,-4.6537191178414945,-0.29018782568696905,0.508121394341892
NSE_EQ|INF846K01Y96,AXISTECETF,-0.5503723994671612,-0.6610556624040445,-0.11266039621201018,0.20001122322705975
NSE_EQ|INE105J01010,RPGLIFE,-0.5521815617525108,-0.38696465956762666,-0.21983487544043365,0.4422269362886145
NSE_EQ|INE0IGO01011,DESTINY,-0.5769802972611024,-2.341830181442619,-0.3084663719339521,0.5881226392452851
NSE_EQ|INE0PS501019,GLOBALPET,-0.6030435866324325,-0.8472598096098176,-0.22526077537044742,0.5002657788816087
NSE_EQ|INE691G01015,IMPEXFERRO,-0.6236519950011157,-3.623608182526356,-0.31993295740236993,0.7773498949430738
NSE_EQ|INE0Q9601016,WOMANCART,-0.6371808538250323,-1.535597899143038,-0.29573371047199376,0.6170655957282745
NSE_EQ|INE550H01011,SUPREMEINF,-0.6596692823110137,-35.285199854596435,-0.3193038171080206,0.5331440336815149
NSE_EQ|INF373I01023,PSUBANK,-0.6684054014382425,-0.7030286144048565,-0.16861903073195253,0.299660650409484
NSE_EQ|INF174KA1GC5,IT,-0.6780343317092459,-0.8726669088693978,-0.11643119876337782,0.1956478157178774
NSE_EQ|INF247L01FO5,MOPSE,-0.6903630268446618,-1.375135330386847,-0.04342569096927329,0.12692177711996258
NSE_EQ|INE0FLF01015,NIKITA,-0.695736787254645,-1.0760509614375053,-0.2524877128383142,0.5357653650360283
NSE_EQ|INE351Y01019,BETA,-0.7009932764147185,-1.18388985628958,-0.24190342629007566,0.5341019362088576
NSE_EQ|INE0NCC01015,ARIHANTACA,-0.705519866737439,-0.563731075531167,-0.2437664941133209,0.5665567977595027
NSE_EQ|INF277K010X4,NPBET,-0.706554807238747,-0.8046741210767251,-0.11038671751693123,0.2405901041232581
NSE_EQ|INE738V01013,ARTNIRMAN,-0.7104795282376244,-35.21679091405851,-0.20141331703370352,0.4365073926813596
NSE_EQ|INF209KC1134,ABGSEC,-0.7208795621160236,0.6562363152716051,-0.025328741775649977,0.08503442461919247
NSE_EQ|INE02KC01010,JAINAM,-0.7232051576961893,-0.8913899326568897,-0.24600403283846095,0.5512734988316411
NSE_EQ|INE00KV01022,RAJMET,-0.7499283219013673,-0.8585123662394365,-0.23430216203294632,0.42879892133730824
NSE_EQ|INE104101014,NRVANDANA,-0.7513499098099018,-0.3158746435854187,-0.2564120217316321,0.5743876199523182
NSE_EQ|INF767K01OT5,LICNETFSEN,-0.7522602434707378,-1.1595441800125788,-0.11338820191461148,0.3015491825481836
NSE_EQ|INF194KA1U07,IDFNIFTYET,-0.7571419331415467,-1.1508236170747013,-0.10471229827938276,0.25284071046673445
NSE_EQ|INE219X23014,INDIGRID,-0.7629239360751584,-1.0452110956949607,-0.062078933215883536,0.12073971659951496
NSE_EQ|INE0QBU01012,CPS,-0.788527682098745,-1.8155209276746902,-0.25728142606888993,0.5669758801582322
NSE_EQ|INE0EO401019,ROYALARC,-0.7923362500158015,-1.0790677712117127,-0.20646769370332585,0.5570939198166938
NSE_EQ|INF769K01LX9,MULTICAP,-0.8057642920317288,-1.2346365750923065,-0.073655400787064,0.12972456383386993
NSE_EQ|INF767K01PC8,LICNFNHGP,-0.8098884779615646,-1.230817531944225,-0.09931245201670404,0.2285672058316445
NSE_EQ|INF740KA1SZ6,SENSEXADD,-0.8152205705230887,-0.047699917319787934,-0.07744657271979072,0.18973568183028577
NSE_EQ|INE241X01014,VOLERCAR,-0.8154693124247554,-0.4329401608930069,-0.2826628925828618,0.5893582643501681
NSE_EQ|INF179KC1HZ7,HDFCPVTBAN,-0.8311830889983145,-1.0730169604838875,-0.07643889846235798,0.1573723435615687
NSE_EQ|INE219Y01026,RMDRIP,-0.8348461976163991,-1.2544091466796499,-0.29208777501271593,0.5351497277144759
NSE_EQ|INF200KA1S14,SBIETFIT,-0.8358860569656977,-1.1236002931079405,-0.11868710044625878,0.19963899591958617
NSE_EQ|INE863T01013,JITFINFRA,-0.8839834785504975,-6.727317916404985,-0.3307403905063729,0.5040713859240935
NSE_EQ|INF209KB17D5,ABSLBANETF,-0.9049275548551915,-1.1830944389538698,-0.11676752216374037,0.23295389541239683
NSE_EQ|INF200KA1S22,SBIETFPB,-0.9368996898217313,-1.2073774015845848,-0.10156743760085199,0.16773799064723427
NSE_EQ|INF769K01KR3,BANKETF,-0.9511960902449846,-0.5769823000789281,-0.08087198568816696,0.14263437473385843
NSE_EQ|INE572A01036,JBCHEPHARM,-0.9631904080611127,-1.284164043708811,-0.17169415853956818,0.30613640905001527
NSE_EQ|INF769K01KG6,SILVERAG,-0.9632865421637604,0.804675163075266,-0.13501939420776465,0.23884803856844963
NSE_EQ|INF200KA1580,SETFNIFBK,-0.9720821489117982,-1.3137764645517171,-0.11474975628664788,0.19340073294200066
NSE_EQ|INE0HPK01020,DUGLOBAL,-0.9910356141469754,-2.9184918572609835,-0.33807309072515285,0.6008497369050292
NSE_EQ|INF769K01HI8,BFSI,-1.0184637786932353,-1.4640394544072626,-0.08894066992558777,0.1542165957591182
NSE_EQ|INE719F01016,SHIVAUM,-1.060888115282138,-10.185052147239416,-0.08130663385059966,0.3758042628183142
NSE_EQ|INF109KC19O8,COMMOIETF,-1.068852701649824,-1.7135730426886941,-0.08666790708775327,0.15778117716353046
NSE_EQ|INE0NDH25011,NXST,-1.0702988967123053,-1.5896257103613187,-0.0863188262401395,0.16298122255112413
NSE_EQ|INF179KC1HY0,HDFCNIFBAN,-1.076100561559479,-1.5674819215669948,-0.10271358530304762,0.1625673805555222
NSE_EQ|INF205K01361,IVZINGOLD,-1.0774008989787374,-1.4506933732729907,-0.08713261175405253,0.1853632133325113
NSE_EQ|INF209KB18D3,BSLGOLDETF,-1.0822217737923272,-1.438893080273536,-0.08889671028413829,0.16012993614887241
NSE_EQ|INF277KA1364,TNIDETF,-1.0974577605891516,-1.5998084235878944,-0.10453291767027914,0.16798740684321478
NSE_EQ|INE17WC01013,TEJASCARGO,-1.1016293102909342,-3.393290948212401,-0.21913757339403886,0.45772275588119515
NSE_EQ|INF0QA701722,NIFTYBETF,-1.1017853723174575,-1.5911075244446526,-0.06998517996434336,0.11947281867827628
NSE_EQ|INF740KA1RX3,BANKETFADD,-1.104591695933001,-1.5105910853889821,-0.08212714675822733,0.14573340629304057
NSE_EQ|INF789F1AUV1,UTIBANKETF,-1.1341130327421283,-1.5230047471694208,-0.10704767136537456,0.17627115677993596
NSE_EQ|INF740KA1SY9,PSUBANKADD,-1.14502716903807,-1.7831033346890983,-0.14116532336693277,0.2726548270798118
NSE_EQ|INF740KA1RE3,SILVERADD,-1.1602401916135656,-1.7581982365808912,-0.1376786682698349,0.24496545938806294
NSE_EQ|INE0XUS01012,PSRAJ,-1.173836752856571,-1.4607993643067294,-0.205648879476693,0.5608409070866696
NSE_EQ|INF205K01DA9,IVZINNIFTY,-1.176449816170797,-1.7200302346237148,-0.10530658014405095,0.24678711578771795
NSE_EQ|INF754K01TE4,EBANKNIFTY,-1.2171885796682227,-2.1690462529495114,-0.06886664295146995,0.1413324771131095
NSE_EQ|INF846K01X63,AXISBNKETF,-1.2334819173804044,-1.801340383281945,-0.09681103825443708,0.1665041858014116
NSE_EQ|INF209KB14K7,MOMENTUM,-1.240621887149705,-1.6406299264828619,-0.10525171107703891,0.1743203252397208
NSE_EQ|INF740KA1UF4,HEALTHADD,-1.2416407408264796,-1.7120754619659593,-0.08547002618837943,0.15542370288150173
NSE_EQ|INF174KA1JE5,CONS,-1.2780538525418152,-1.9820653897848557,-0.09007634097526887,0.16596579076355414
NSE_EQ|INE919I04010,RADIOCITY,-1.2965563160825466,-1.6880883375108242,-0.04145929237713986,0.09550458203187406
NSE_EQ|INE641C01019,KAVDEFENCE,-1.3114059433954774,281.9115348222002,-0.270830149679642,0.4494901714592669
NSE_EQ|INF789F1AZC0,UTINIFTETF,-1.3310594670683549,-2.2330775049567566,-0.09537708213724672,0.15957160012163477
NSE_EQ|INF200KA1WX6,SBIETFQLTY,-1.3367355755408512,-2.1874875756699583,-0.08649746499109512,0.14624184978972135
NSE_EQ|INF209KB19D1,BSLNIFTY,-1.3523533846225482,-2.2138601846577664,-0.0884376654272919,0.15934113450941914
NSE_EQ|INF846K01W98,AXISNIFTY,-1.3656756314072,-2.3316854379691834,-0.10165732383327493,0.17806444196158042
NSE_EQ|INF247L01BL0,MOLOWVOL,-1.3703814599409236,-1.6108435226791324,-0.07933140878333682,0.1747414660851726
NSE_EQ|INF0QA701714,BANKBETF,-1.3726414599963968,-1.8758359701694964,-0.08468985410190752,0.16420057342010705
NSE_EQ|INF769K01GS9,ESG,-1.4006186612182951,-2.2497060533008053,-0.08170946260333652,0.13188572724376071
NSE_EQ|INE480M01011,THOMASCOTT,-1.4325357298125119,-3.824794222602416,-0.3094330034241982,0.5116117145307733
NSE_EQ|INF769K01JU9,LOWVOL,-1.4440866254628808,-2.2505078875730713,-0.07891377034654004,0.12070113649799706
NSE_EQ|INF209KB15K4,NIFTYQLITY,-1.4714494321130265,-2.559285214264793,-0.07530057699823112,0.12797935198636154
NSE_EQ|INF754K01SF3,ESILVER,-1.4868896140030727,-2.219280960687036,-0.14925800097463612,0.24947210437089481
NSE_EQ|INF200KB1217,SBISILVER,-1.5022361194330245,-2.248755516999674,-0.16268665248663075,0.27650168196446717
NSE_EQ|INE0HS001028,COOLCAPS,-1.5608581658699898,-1.6211683169302542,-0.24746450247944898,0.4551474784607763
NSE_EQ|INF769K01IB1,MAKEINDIA,-1.5662667987680716,-2.996466501656208,-0.09705737660625655,0.14553799564811115
NSE_EQ|INE00CE01017,SVLL,-1.607441085367683,-2.34701716942726,-0.1685217418360585,0.443279155004855
NSE_EQ|INF251K01TL6,BBNPNBETF,-1.6229881611783603,-2.372045166588342,-0.06876177304088281,0.1409160173008372
NSE_EQ|INE0VZX01015,RNPL,-1.6233683385772755,0.5572890624735853,-0.3054933572174952,0.7619449901336836
NSE_EQ|INF247L01AK4,MOGSEC,-1.6308868192977517,-2.6450488028231023,-0.031721502245955165,0.07515336754085754
NSE_EQ|INF769K01LZ4,BANKPSU,-1.706361702285839,-2.4245698650502474,-0.12324256286669222,0.2184537176607551
NSE_EQ|INF200KB1712,SBIBPB,-1.7216739439327164,-3.9865619487560555,-0.09971349891826195,0.19559116062940166
NSE_EQ|INF174KA1VD2,MSCIINDIA,-1.7575612989882647,-3.154811052934022,-0.07582936388627455,0.1339754652562987
NSE_EQ|INF754K01SE6,EGOLD,-1.8390269685970477,-2.803279834314258,-0.1174172862472857,0.22051091732020303
NSE_EQ|INE0NR623014,CUBEINVIT,-1.9034496069057276,-1.1449217007452392,-0.01585081098848312,0.06875811681069086
NSE_EQ|INF769K01ON4,SELECTIPO,-2.0508518902736705,-4.306025908018693,-0.08852569515917527,0.184821085068461
NSE_EQ|INE250Z01010,INDOUS,-2.0820248686090346,-0.7077449039531943,-0.19159835049453364,0.4949049077503334
NSE_EQ|INF582M01KS4,UNIONGOLD,-2.111110437087236,-3.1311189714533945,-0.12848357387991186,0.2944694571499253
NSE_EQ|INF247L01FK3,MOMGF,-2.1561652260784077,-4.052621005874009,-0.10083289447481218,0.23938626715726338
NSE_EQ|INE1BZC01019,OMFREIGHT,-2.171088610147823,-3.4637800871517093,-0.09280016156720192,0.3945739407128555
NSE_EQ|INF251K01SU9,BBNPPGOLD,-2.216057374227838,-3.472759828081108,-0.10326273786479913,0.17628986169458882
NSE_EQ|INE747K01017,TARAPUR,-2.2177888506149577,-2.573133871321956,-0.27630471373081866,0.4611537595396067
NSE_EQ|INF0R8F01133,LTGILTCASE,-2.29641728444407,-3.327218783051161,-0.011647139119554294,0.02691988760408183
NSE_EQ|INE970N01027,SPCENET,-2.385527395858767,-24.92274711741045,-0.28761976356618496,0.514075526906621
NSE_EQ|INE238Y01018,TIRUPATI,-2.388696429449552,-50.68606572915882,-0.21888240358052108,0.5482101638203433
NSE_EQ|INF247L01FY4,MOGOLD,-2.5451929712585732,-3.372789068674545,-0.15571603210384782,0.2703099238035172
NSE_EQ|INF846K01Z04,AXISBPSETF,-2.681285273683828,-4.423271722012504,-0.018947064606455837,0.027542057424673527
NSE_EQ|INF846K010Q0,AXSENSEX,-3.1628818823116247,-3.5039317157274716,-0.07583910089938926,0.13343771819269373
NSE_EQ|INE0ISZ01012,ZTECH,-3.23448155055535,-6.290470091217065,-0.287333287335988,0.46445490222092994
NSE_EQ|INE0MIZ23019,ANZEN,-3.680242534635532,-6.857674325230544,-0.020312118393223742,0.1359318506674111
NSE_EQ|INE878I01022,BAFNAPH,-3.7544894595283993,-72.38681887029493,-0.26638070227655647,0.42305705316867126
NSE_EQ|INF247L01FZ1,MOSILVER,-3.7799335789014354,-4.445979460558123,-0.20248368631780098,0.42113050975028177
NSE_EQ|INF1J2R01114,AONEGOLD,-4.071428907824099,-5.863569155671404,-0.08741943524552204,0.2223707402864415
NSE_EQ|INE0H7R23014,NHIT,-4.561899283006316,-5.716043625134163,-0.03340356867708164,0.20979877257062193
NSE_EQ|INE794W01014,MODTHREAD,-5.203441103126156,-4.55623805981366,-0.23614793003433457,0.4466998598505839
NSE_EQ|INE0XWS01018,TAURIAN,-6.144508853662345,-66.889214305501,-0.22127910674865003,0.681109946003293
NSE_EQ|INE0SGC01015,MVKAGRO,-7.784504053940534,-15.196319395890235,-0.3253518423107836,0.42915716315451413
NSE_EQ|INF179KC1JG3,HDFCLIQUID,-8.174640448467894,-8.054831983504396,-0.004250295212036823,0.00309053122480428
NSE_EQ|INF754K01VW2,ELIQUID,-15.984719062666889,-15.984719062666889,-0.004888323662665963,0.005651033072559188
NSE_EQ|INE03DD01011,RETAIL,-16.90413333389325,-15.903084399046804,-0.16575137228284537,0.4722419691973215
NSE_EQ|INF1J2R01056,AONELIQUID,-18.80361639065217,-25.544174373005678,-0.00790650891395917,0.001589491521671454
NSE_EQ|INF200KB1969,SBILIQETF,-21.976299924770437,-23.98447418197806,-0.006225197137418129,0.0026377069929362437
NSE_EQ|INF109K1A021,CASHIETF,-22.240796323822124,-22.461397374892947,-0.008483710941309064,0.002799248797385631
NSE_EQ|INF769K01MY5,LIQUIDPLUS,-24.581239438578876,-24.93218392641561,-0.010978026282344127,0.0023725699475425554
NSE_EQ|INF204KC1FU1,LIQGRWBEES,-25.159181239184814,-25.859278920992796,-0.007234028190165968,0.001994249311195264
NSE_EQ|INE217G01035,EQUIPPP,-28.85412336425927,-27.75679577883784,-0.2824175397494509,0.47524464972616226
NSE_EQ|INE650K01021,SECURKLOUD,-70.38391974466349,-67.09272971521018,-0.2458918126133876,0.5509843418573739
NSE_EQ|INE920A01037,DOLPHIN,-82.37375003477966,-87.22167019648418,-0.4006118814963228,0.404505719217206
NSE_EQ|INE00N401018,JAKHARIA,-101.22839173496435,-86.68206945404582,-0.09519002230807679,0.955456377033793
NSE_EQ|INE006Z01016,ARVEE,-124.10593126924903,-147.1656517930838,-0.21632068611926944,0.4935081620723821
NSE_EQ|INE517M01028,POLYSIL,-135.39972144529943,-135.26781557548628,-0.3141155903745811,0.44973247929837623
NSE_EQ|INE024D01016,PRUDMOULI,-191.2468603244639,-190.11684863736534,-0.24105588816565204,0.437458539633114
NSE_EQ|INE00RQ01019,MINDPOOL,-292.8538754710963,-479.8025055102103,-0.13560888437325735,0.5368711060847842
NSE_EQ|INE048C01025,VHLTD,-431.4121496974281,-431.46185811998475,-0.20838284642741572,0.29733196700135717
NSE_EQ|INE0PEQ01016,RBZJEWEL,-687.887210691565,-687.8674291960483,-0.21274071756045976,0.40965503234452405
NSE_EQ|INE985P01012,GRETEX,-840.752774592667,-1149.548090797891,-0.13890612782209205,0.30515484327703196
NSE_EQ|INE0X6F01017,SDREAMS,-1607.6910426491052,-1606.9546373787762,-0.17175786209102328,0.42462059009727987
NSE_EQ|INE117B01020,CURAA,-2766.892807912047,-2766.7736328853134,-0.42754711158228753,0.30949442550559536
NSE_EQ|INE326T01011,NIRAJISPAT,-3113.5059198451418,-4308.751429014863,-0.1431606409847467,0.4200872339236248
NSE_EQ|INE610E01010,KALYANI,-5124.100823024332,-5124.100823024332,-0.003171844449272213,1.0401433623426282e-05
NSE_EQ|INE446A01025,ATLASCYCLE,-5233.620014601806,-5233.232096510037,-0.2692045531379887,0.3589561333766115
NSE_EQ|INE1JNC23012,TVSINVIT,-16597.378475128568,-16598.155605067852,-0.01915617239181541,0.10096037023930723
